any;comarca o Aran;concepte;estat;valor
2011;Alt Camp;PIB (milions €);;1163,7
2011;Alt Camp;PIB per habitant (€);;25880
2011;Alt Camp;PIB per habitant (índex Catalunya=100);;93,3
2011;Alt Empordà;PIB (milions €);;2936,9
2011;Alt Empordà;PIB per habitant (€);;21188
2011;Alt Empordà;PIB per habitant (índex Catalunya=100);;76,4
2011;Alt Penedès;PIB (milions €);;2928,6
2011;Alt Penedès;PIB per habitant (€);;27727
2011;Alt Penedès;PIB per habitant (índex Catalunya=100);;100,0
2011;Alt Urgell;PIB (milions €);;408,0
2011;Alt Urgell;PIB per habitant (€);;19075
2011;Alt Urgell;PIB per habitant (índex Catalunya=100);;68,8
2011;Alta Ribagorça;PIB (milions €);;109,2
2011;Alta Ribagorça;PIB per habitant (€);;25966
2011;Alta Ribagorça;PIB per habitant (índex Catalunya=100);;93,6
2011;Anoia;PIB (milions €);;2329,9
2011;Anoia;PIB per habitant (€);;19678
2011;Anoia;PIB per habitant (índex Catalunya=100);;70,9
2011;Aran;PIB (milions €);;339,4
2011;Aran;PIB per habitant (€);;33725
2011;Aran;PIB per habitant (índex Catalunya=100);;121,6
2011;Bages;PIB (milions €);;4257,7
2011;Bages;PIB per habitant (€);;24121
2011;Bages;PIB per habitant (índex Catalunya=100);;87,0
2011;Baix Camp;PIB (milions €);;4373,4
2011;Baix Camp;PIB per habitant (€);;22828
2011;Baix Camp;PIB per habitant (índex Catalunya=100);;82,3
2011;Baix Ebre;PIB (milions €);;1660,8
2011;Baix Ebre;PIB per habitant (€);;20333
2011;Baix Ebre;PIB per habitant (índex Catalunya=100);;73,3
2011;Baix Empordà;PIB (milions €);;2625,3
2011;Baix Empordà;PIB per habitant (€);;19887
2011;Baix Empordà;PIB per habitant (índex Catalunya=100);;71,7
2011;Baix Llobregat;PIB (milions €);;22471,9
2011;Baix Llobregat;PIB per habitant (€);;28070
2011;Baix Llobregat;PIB per habitant (índex Catalunya=100);;101,2
2011;Baix Penedès;PIB (milions €);;1638,0
2011;Baix Penedès;PIB per habitant (€);;16310
2011;Baix Penedès;PIB per habitant (índex Catalunya=100);;58,8
2011;Barcelonès;PIB (milions €);;76535,9
2011;Barcelonès;PIB per habitant (€);;34196
2011;Barcelonès;PIB per habitant (índex Catalunya=100);;123,3
2011;Berguedà;PIB (milions €);;827,9
2011;Berguedà;PIB per habitant (€);;20054
2011;Berguedà;PIB per habitant (índex Catalunya=100);;72,3
2011;Cerdanya;PIB (milions €);;386,2
2011;Cerdanya;PIB per habitant (€);;20641
2011;Cerdanya;PIB per habitant (índex Catalunya=100);;74,4
2011;Conca de Barberà;PIB (milions €);;603,9
2011;Conca de Barberà;PIB per habitant (€);;28642
2011;Conca de Barberà;PIB per habitant (índex Catalunya=100);;103,3
2011;Garraf;PIB (milions €);;2553,7
2011;Garraf;PIB per habitant (€);;17615
2011;Garraf;PIB per habitant (índex Catalunya=100);;63,5
2011;Garrigues;PIB (milions €);;358,0
2011;Garrigues;PIB per habitant (€);;17807
2011;Garrigues;PIB per habitant (índex Catalunya=100);;64,2
2011;Garrotxa;PIB (milions €);;1423,5
2011;Garrotxa;PIB per habitant (€);;25704
2011;Garrotxa;PIB per habitant (índex Catalunya=100);;92,7
2011;Gironès;PIB (milions €);;5463,6
2011;Gironès;PIB per habitant (€);;30028
2011;Gironès;PIB per habitant (índex Catalunya=100);;108,3
2011;Lluçanès;PIB (milions €);..;null
2011;Lluçanès;PIB per habitant (€);..;null
2011;Lluçanès;PIB per habitant (índex Catalunya=100);..;null
2011;Maresme;PIB (milions €);;8275,7
2011;Maresme;PIB per habitant (€);;19087
2011;Maresme;PIB per habitant (índex Catalunya=100);;68,8
2011;Moianès;PIB (milions €);;241,6
2011;Moianès;PIB per habitant (€);;18645
2011;Moianès;PIB per habitant (índex Catalunya=100);;67,2
2011;Montsià;PIB (milions €);;1233,3
2011;Montsià;PIB per habitant (€);;17310
2011;Montsià;PIB per habitant (índex Catalunya=100);;62,4
2011;Noguera;PIB (milions €);;895,6
2011;Noguera;PIB per habitant (€);;22454
2011;Noguera;PIB per habitant (índex Catalunya=100);;81,0
2011;Osona;PIB (milions €);;3958,5
2011;Osona;PIB per habitant (€);;25778
2011;Osona;PIB per habitant (índex Catalunya=100);;92,9
2011;Pallars Jussà;PIB (milions €);;291,8
2011;Pallars Jussà;PIB per habitant (€);;20655
2011;Pallars Jussà;PIB per habitant (índex Catalunya=100);;74,5
2011;Pallars Sobirà;PIB (milions €);;185,4
2011;Pallars Sobirà;PIB per habitant (€);;25063
2011;Pallars Sobirà;PIB per habitant (índex Catalunya=100);;90,4
2011;Pla d'Urgell;PIB (milions €);;870,9
2011;Pla d'Urgell;PIB per habitant (€);;23541
2011;Pla d'Urgell;PIB per habitant (índex Catalunya=100);;84,9
2011;Pla de l'Estany;PIB (milions €);;714,0
2011;Pla de l'Estany;PIB per habitant (€);;22906
2011;Pla de l'Estany;PIB per habitant (índex Catalunya=100);;82,6
2011;Priorat;PIB (milions €);;150,8
2011;Priorat;PIB per habitant (€);;15182
2011;Priorat;PIB per habitant (índex Catalunya=100);;54,7
2011;Ribera d'Ebre;PIB (milions €);;1358,7
2011;Ribera d'Ebre;PIB per habitant (€);;58199
2011;Ribera d'Ebre;PIB per habitant (índex Catalunya=100);;209,8
2011;Ripollès;PIB (milions €);;579,3
2011;Ripollès;PIB per habitant (€);;22051
2011;Ripollès;PIB per habitant (índex Catalunya=100);;79,5
2011;Segarra;PIB (milions €);;634,2
2011;Segarra;PIB per habitant (€);;27347
2011;Segarra;PIB per habitant (índex Catalunya=100);;98,6
2011;Segrià;PIB (milions €);;5391,7
2011;Segrià;PIB per habitant (€);;26100
2011;Segrià;PIB per habitant (índex Catalunya=100);;94,1
2011;Selva;PIB (milions €);;3676,8
2011;Selva;PIB per habitant (€);;21611
2011;Selva;PIB per habitant (índex Catalunya=100);;77,9
2011;Solsonès;PIB (milions €);;320,2
2011;Solsonès;PIB per habitant (€);;23336
2011;Solsonès;PIB per habitant (índex Catalunya=100);;84,1
2011;Tarragonès;PIB (milions €);;7996,6
2011;Tarragonès;PIB per habitant (€);;32118
2011;Tarragonès;PIB per habitant (índex Catalunya=100);;115,8
2011;Terra Alta;PIB (milions €);;242,7
2011;Terra Alta;PIB per habitant (€);;19294
2011;Terra Alta;PIB per habitant (índex Catalunya=100);;69,6
2011;Urgell;PIB (milions €);;887,6
2011;Urgell;PIB per habitant (€);;24025
2011;Urgell;PIB per habitant (índex Catalunya=100);;86,6
2011;Vallès Occidental;PIB (milions €);;23873,6
2011;Vallès Occidental;PIB per habitant (€);;26753
2011;Vallès Occidental;PIB per habitant (índex Catalunya=100);;96,4
2011;Vallès Oriental;PIB (milions €);;11097,8
2011;Vallès Oriental;PIB per habitant (€);;28025
2011;Vallès Oriental;PIB per habitant (índex Catalunya=100);;101,0
2011;Catalunya;PIB (milions €);;208272,2
2011;Catalunya;PIB per habitant (€);;27738
2011;Catalunya;PIB per habitant (índex Catalunya=100);;100,0
2012;Alt Camp;PIB (milions €);;1161,3
2012;Alt Camp;PIB per habitant (€);;25893
2012;Alt Camp;PIB per habitant (índex Catalunya=100);;96,2
2012;Alt Empordà;PIB (milions €);;2747,1
2012;Alt Empordà;PIB per habitant (€);;19826
2012;Alt Empordà;PIB per habitant (índex Catalunya=100);;73,7
2012;Alt Penedès;PIB (milions €);;2815,5
2012;Alt Penedès;PIB per habitant (€);;26608
2012;Alt Penedès;PIB per habitant (índex Catalunya=100);;98,9
2012;Alt Urgell;PIB (milions €);;398,1
2012;Alt Urgell;PIB per habitant (€);;18908
2012;Alt Urgell;PIB per habitant (índex Catalunya=100);;70,3
2012;Alta Ribagorça;PIB (milions €);;90,1
2012;Alta Ribagorça;PIB per habitant (€);;21939
2012;Alta Ribagorça;PIB per habitant (índex Catalunya=100);;81,5
2012;Anoia;PIB (milions €);;2252,0
2012;Anoia;PIB per habitant (€);;19041
2012;Anoia;PIB per habitant (índex Catalunya=100);;70,8
2012;Aran;PIB (milions €);;323,2
2012;Aran;PIB per habitant (€);;32397
2012;Aran;PIB per habitant (índex Catalunya=100);;120,4
2012;Bages;PIB (milions €);;4208,7
2012;Bages;PIB per habitant (€);;23918
2012;Bages;PIB per habitant (índex Catalunya=100);;88,9
2012;Baix Camp;PIB (milions €);;4204,9
2012;Baix Camp;PIB per habitant (€);;21919
2012;Baix Camp;PIB per habitant (índex Catalunya=100);;81,5
2012;Baix Ebre;PIB (milions €);;1620,9
2012;Baix Ebre;PIB per habitant (€);;20019
2012;Baix Ebre;PIB per habitant (índex Catalunya=100);;74,4
2012;Baix Empordà;PIB (milions €);;2532,4
2012;Baix Empordà;PIB per habitant (€);;19197
2012;Baix Empordà;PIB per habitant (índex Catalunya=100);;71,3
2012;Baix Llobregat;PIB (milions €);;21374,3
2012;Baix Llobregat;PIB per habitant (€);;26687
2012;Baix Llobregat;PIB per habitant (índex Catalunya=100);;99,2
2012;Baix Penedès;PIB (milions €);;1587,8
2012;Baix Penedès;PIB per habitant (€);;15808
2012;Baix Penedès;PIB per habitant (índex Catalunya=100);;58,7
2012;Barcelonès;PIB (milions €);;75112,9
2012;Barcelonès;PIB per habitant (€);;33723
2012;Barcelonès;PIB per habitant (índex Catalunya=100);;125,3
2012;Berguedà;PIB (milions €);;782,9
2012;Berguedà;PIB per habitant (€);;19190
2012;Berguedà;PIB per habitant (índex Catalunya=100);;71,3
2012;Cerdanya;PIB (milions €);;376,0
2012;Cerdanya;PIB per habitant (€);;20184
2012;Cerdanya;PIB per habitant (índex Catalunya=100);;75,0
2012;Conca de Barberà;PIB (milions €);;580,0
2012;Conca de Barberà;PIB per habitant (€);;27738
2012;Conca de Barberà;PIB per habitant (índex Catalunya=100);;103,1
2012;Garraf;PIB (milions €);;2364,7
2012;Garraf;PIB per habitant (€);;16331
2012;Garraf;PIB per habitant (índex Catalunya=100);;60,7
2012;Garrigues;PIB (milions €);;382,9
2012;Garrigues;PIB per habitant (€);;19160
2012;Garrigues;PIB per habitant (índex Catalunya=100);;71,2
2012;Garrotxa;PIB (milions €);;1392,9
2012;Garrotxa;PIB per habitant (€);;25189
2012;Garrotxa;PIB per habitant (índex Catalunya=100);;93,6
2012;Gironès;PIB (milions €);;5328,6
2012;Gironès;PIB per habitant (€);;29288
2012;Gironès;PIB per habitant (índex Catalunya=100);;108,8
2012;Lluçanès;PIB (milions €);..;null
2012;Lluçanès;PIB per habitant (€);..;null
2012;Lluçanès;PIB per habitant (índex Catalunya=100);..;null
2012;Maresme;PIB (milions €);;8068,2
2012;Maresme;PIB per habitant (€);;18606
2012;Maresme;PIB per habitant (índex Catalunya=100);;69,1
2012;Moianès;PIB (milions €);;248,0
2012;Moianès;PIB per habitant (€);;19108
2012;Moianès;PIB per habitant (índex Catalunya=100);;71,0
2012;Montsià;PIB (milions €);;1087,7
2012;Montsià;PIB per habitant (€);;15350
2012;Montsià;PIB per habitant (índex Catalunya=100);;57,0
2012;Noguera;PIB (milions €);;841,8
2012;Noguera;PIB per habitant (€);;21217
2012;Noguera;PIB per habitant (índex Catalunya=100);;78,8
2012;Osona;PIB (milions €);;3918,3
2012;Osona;PIB per habitant (€);;25533
2012;Osona;PIB per habitant (índex Catalunya=100);;94,9
2012;Pallars Jussà;PIB (milions €);;264,3
2012;Pallars Jussà;PIB per habitant (€);;19220
2012;Pallars Jussà;PIB per habitant (índex Catalunya=100);;71,4
2012;Pallars Sobirà;PIB (milions €);;160,9
2012;Pallars Sobirà;PIB per habitant (€);;22016
2012;Pallars Sobirà;PIB per habitant (índex Catalunya=100);;81,8
2012;Pla d'Urgell;PIB (milions €);;877,2
2012;Pla d'Urgell;PIB per habitant (€);;23750
2012;Pla d'Urgell;PIB per habitant (índex Catalunya=100);;88,3
2012;Pla de l'Estany;PIB (milions €);;726,3
2012;Pla de l'Estany;PIB per habitant (€);;23171
2012;Pla de l'Estany;PIB per habitant (índex Catalunya=100);;86,1
2012;Priorat;PIB (milions €);;151,9
2012;Priorat;PIB per habitant (€);;15507
2012;Priorat;PIB per habitant (índex Catalunya=100);;57,6
2012;Ribera d'Ebre;PIB (milions €);;1236,0
2012;Ribera d'Ebre;PIB per habitant (€);;53420
2012;Ribera d'Ebre;PIB per habitant (índex Catalunya=100);;198,5
2012;Ripollès;PIB (milions €);;542,5
2012;Ripollès;PIB per habitant (€);;20823
2012;Ripollès;PIB per habitant (índex Catalunya=100);;77,4
2012;Segarra;PIB (milions €);;639,5
2012;Segarra;PIB per habitant (€);;27709
2012;Segarra;PIB per habitant (índex Catalunya=100);;103,0
2012;Segrià;PIB (milions €);;5242,2
2012;Segrià;PIB per habitant (€);;25347
2012;Segrià;PIB per habitant (índex Catalunya=100);;94,2
2012;Selva;PIB (milions €);;3712,4
2012;Selva;PIB per habitant (€);;21852
2012;Selva;PIB per habitant (índex Catalunya=100);;81,2
2012;Solsonès;PIB (milions €);;303,8
2012;Solsonès;PIB per habitant (€);;22323
2012;Solsonès;PIB per habitant (índex Catalunya=100);;83,0
2012;Tarragonès;PIB (milions €);;7458,4
2012;Tarragonès;PIB per habitant (€);;29906
2012;Tarragonès;PIB per habitant (índex Catalunya=100);;111,1
2012;Terra Alta;PIB (milions €);;270,1
2012;Terra Alta;PIB per habitant (€);;21764
2012;Terra Alta;PIB per habitant (índex Catalunya=100);;80,9
2012;Urgell;PIB (milions €);;816,2
2012;Urgell;PIB per habitant (€);;22278
2012;Urgell;PIB per habitant (índex Catalunya=100);;82,8
2012;Vallès Occidental;PIB (milions €);;23152,1
2012;Vallès Occidental;PIB per habitant (€);;25876
2012;Vallès Occidental;PIB per habitant (índex Catalunya=100);;96,2
2012;Vallès Oriental;PIB (milions €);;10400,6
2012;Vallès Oriental;PIB per habitant (€);;26180
2012;Vallès Oriental;PIB per habitant (índex Catalunya=100);;97,3
2012;Catalunya;PIB (milions €);;201755,6
2012;Catalunya;PIB per habitant (€);;26911
2012;Catalunya;PIB per habitant (índex Catalunya=100);;100,0
2013;Alt Camp;PIB (milions €);;1261,9
2013;Alt Camp;PIB per habitant (€);;28296
2013;Alt Camp;PIB per habitant (índex Catalunya=100);;105,0
2013;Alt Empordà;PIB (milions €);;2772,9
2013;Alt Empordà;PIB per habitant (€);;20147
2013;Alt Empordà;PIB per habitant (índex Catalunya=100);;74,7
2013;Alt Penedès;PIB (milions €);;2793,4
2013;Alt Penedès;PIB per habitant (€);;26440
2013;Alt Penedès;PIB per habitant (índex Catalunya=100);;98,1
2013;Alt Urgell;PIB (milions €);;424,4
2013;Alt Urgell;PIB per habitant (€);;20329
2013;Alt Urgell;PIB per habitant (índex Catalunya=100);;75,4
2013;Alta Ribagorça;PIB (milions €);;97,0
2013;Alta Ribagorça;PIB per habitant (€);;24329
2013;Alta Ribagorça;PIB per habitant (índex Catalunya=100);;90,2
2013;Anoia;PIB (milions €);;2370,8
2013;Anoia;PIB per habitant (€);;20133
2013;Anoia;PIB per habitant (índex Catalunya=100);;74,7
2013;Aran;PIB (milions €);;337,6
2013;Aran;PIB per habitant (€);;34058
2013;Aran;PIB per habitant (índex Catalunya=100);;126,3
2013;Bages;PIB (milions €);;4150,1
2013;Bages;PIB per habitant (€);;23757
2013;Bages;PIB per habitant (índex Catalunya=100);;88,1
2013;Baix Camp;PIB (milions €);;3974,9
2013;Baix Camp;PIB per habitant (€);;20836
2013;Baix Camp;PIB per habitant (índex Catalunya=100);;77,3
2013;Baix Ebre;PIB (milions €);;1575,4
2013;Baix Ebre;PIB per habitant (€);;19672
2013;Baix Ebre;PIB per habitant (índex Catalunya=100);;73,0
2013;Baix Empordà;PIB (milions €);;2580,1
2013;Baix Empordà;PIB per habitant (€);;19663
2013;Baix Empordà;PIB per habitant (índex Catalunya=100);;72,9
2013;Baix Llobregat;PIB (milions €);;21449,2
2013;Baix Llobregat;PIB per habitant (€);;26847
2013;Baix Llobregat;PIB per habitant (índex Catalunya=100);;99,6
2013;Baix Penedès;PIB (milions €);;1563,5
2013;Baix Penedès;PIB per habitant (€);;15655
2013;Baix Penedès;PIB per habitant (índex Catalunya=100);;58,1
2013;Barcelonès;PIB (milions €);;74342,1
2013;Barcelonès;PIB per habitant (€);;33678
2013;Barcelonès;PIB per habitant (índex Catalunya=100);;124,9
2013;Berguedà;PIB (milions €);;751,5
2013;Berguedà;PIB per habitant (€);;18733
2013;Berguedà;PIB per habitant (índex Catalunya=100);;69,5
2013;Cerdanya;PIB (milions €);;378,8
2013;Cerdanya;PIB per habitant (€);;20784
2013;Cerdanya;PIB per habitant (índex Catalunya=100);;77,1
2013;Conca de Barberà;PIB (milions €);;580,6
2013;Conca de Barberà;PIB per habitant (€);;28084
2013;Conca de Barberà;PIB per habitant (índex Catalunya=100);;104,2
2013;Garraf;PIB (milions €);;2322,2
2013;Garraf;PIB per habitant (€);;16116
2013;Garraf;PIB per habitant (índex Catalunya=100);;59,8
2013;Garrigues;PIB (milions €);;402,7
2013;Garrigues;PIB per habitant (€);;20399
2013;Garrigues;PIB per habitant (índex Catalunya=100);;75,7
2013;Garrotxa;PIB (milions €);;1389,0
2013;Garrotxa;PIB per habitant (€);;25186
2013;Garrotxa;PIB per habitant (índex Catalunya=100);;93,4
2013;Gironès;PIB (milions €);;5277,7
2013;Gironès;PIB per habitant (€);;29084
2013;Gironès;PIB per habitant (índex Catalunya=100);;107,9
2013;Lluçanès;PIB (milions €);..;null
2013;Lluçanès;PIB per habitant (€);..;null
2013;Lluçanès;PIB per habitant (índex Catalunya=100);..;null
2013;Maresme;PIB (milions €);;8072,9
2013;Maresme;PIB per habitant (€);;18665
2013;Maresme;PIB per habitant (índex Catalunya=100);;69,2
2013;Moianès;PIB (milions €);;247,9
2013;Moianès;PIB per habitant (€);;19138
2013;Moianès;PIB per habitant (índex Catalunya=100);;71,0
2013;Montsià;PIB (milions €);;1078,7
2013;Montsià;PIB per habitant (€);;15430
2013;Montsià;PIB per habitant (índex Catalunya=100);;57,2
2013;Noguera;PIB (milions €);;959,7
2013;Noguera;PIB per habitant (€);;24467
2013;Noguera;PIB per habitant (índex Catalunya=100);;90,8
2013;Osona;PIB (milions €);;3794,5
2013;Osona;PIB per habitant (€);;24845
2013;Osona;PIB per habitant (índex Catalunya=100);;92,2
2013;Pallars Jussà;PIB (milions €);;285,4
2013;Pallars Jussà;PIB per habitant (€);;21370
2013;Pallars Jussà;PIB per habitant (índex Catalunya=100);;79,3
2013;Pallars Sobirà;PIB (milions €);;178,8
2013;Pallars Sobirà;PIB per habitant (€);;24813
2013;Pallars Sobirà;PIB per habitant (índex Catalunya=100);;92,0
2013;Pla d'Urgell;PIB (milions €);;872,7
2013;Pla d'Urgell;PIB per habitant (€);;23758
2013;Pla d'Urgell;PIB per habitant (índex Catalunya=100);;88,1
2013;Pla de l'Estany;PIB (milions €);;759,0
2013;Pla de l'Estany;PIB per habitant (€);;24199
2013;Pla de l'Estany;PIB per habitant (índex Catalunya=100);;89,8
2013;Priorat;PIB (milions €);;153,8
2013;Priorat;PIB per habitant (€);;16020
2013;Priorat;PIB per habitant (índex Catalunya=100);;59,4
2013;Ribera d'Ebre;PIB (milions €);;1160,8
2013;Ribera d'Ebre;PIB per habitant (€);;50941
2013;Ribera d'Ebre;PIB per habitant (índex Catalunya=100);;189,0
2013;Ripollès;PIB (milions €);;569,8
2013;Ripollès;PIB per habitant (€);;22117
2013;Ripollès;PIB per habitant (índex Catalunya=100);;82,0
2013;Segarra;PIB (milions €);;660,2
2013;Segarra;PIB per habitant (€);;28959
2013;Segarra;PIB per habitant (índex Catalunya=100);;107,4
2013;Segrià;PIB (milions €);;5452,8
2013;Segrià;PIB per habitant (€);;26468
2013;Segrià;PIB per habitant (índex Catalunya=100);;98,2
2013;Selva;PIB (milions €);;3677,2
2013;Selva;PIB per habitant (€);;21797
2013;Selva;PIB per habitant (índex Catalunya=100);;80,8
2013;Solsonès;PIB (milions €);;291,0
2013;Solsonès;PIB per habitant (€);;21530
2013;Solsonès;PIB per habitant (índex Catalunya=100);;79,9
2013;Tarragonès;PIB (milions €);;6993,3
2013;Tarragonès;PIB per habitant (€);;28073
2013;Tarragonès;PIB per habitant (índex Catalunya=100);;104,1
2013;Terra Alta;PIB (milions €);;286,8
2013;Terra Alta;PIB per habitant (€);;23590
2013;Terra Alta;PIB per habitant (índex Catalunya=100);;87,5
2013;Urgell;PIB (milions €);;881,0
2013;Urgell;PIB per habitant (€);;24220
2013;Urgell;PIB per habitant (índex Catalunya=100);;89,8
2013;Vallès Occidental;PIB (milions €);;23196,0
2013;Vallès Occidental;PIB per habitant (€);;25951
2013;Vallès Occidental;PIB per habitant (índex Catalunya=100);;96,3
2013;Vallès Oriental;PIB (milions €);;10655,0
2013;Vallès Oriental;PIB per habitant (€);;26846
2013;Vallès Oriental;PIB per habitant (índex Catalunya=100);;99,6
2013;Catalunya;PIB (milions €);;201023,3
2013;Catalunya;PIB per habitant (€);;26960
2013;Catalunya;PIB per habitant (índex Catalunya=100);;100,0
2014;Alt Camp;PIB (milions €);;1360,0
2014;Alt Camp;PIB per habitant (€);;30658
2014;Alt Camp;PIB per habitant (índex Catalunya=100);;110,8
2014;Alt Empordà;PIB (milions €);;2910,1
2014;Alt Empordà;PIB per habitant (€);;21293
2014;Alt Empordà;PIB per habitant (índex Catalunya=100);;77,0
2014;Alt Penedès;PIB (milions €);;2854,8
2014;Alt Penedès;PIB per habitant (€);;27079
2014;Alt Penedès;PIB per habitant (índex Catalunya=100);;97,9
2014;Alt Urgell;PIB (milions €);;411,1
2014;Alt Urgell;PIB per habitant (€);;19893
2014;Alt Urgell;PIB per habitant (índex Catalunya=100);;71,9
2014;Alta Ribagorça;PIB (milions €);;88,7
2014;Alta Ribagorça;PIB per habitant (€);;22629
2014;Alta Ribagorça;PIB per habitant (índex Catalunya=100);;81,8
2014;Anoia;PIB (milions €);;2356,9
2014;Anoia;PIB per habitant (€);;20095
2014;Anoia;PIB per habitant (índex Catalunya=100);;72,6
2014;Aran;PIB (milions €);;328,7
2014;Aran;PIB per habitant (€);;33433
2014;Aran;PIB per habitant (índex Catalunya=100);;120,9
2014;Bages;PIB (milions €);;4282,3
2014;Bages;PIB per habitant (€);;24668
2014;Bages;PIB per habitant (índex Catalunya=100);;89,2
2014;Baix Camp;PIB (milions €);;4171,3
2014;Baix Camp;PIB per habitant (€);;22051
2014;Baix Camp;PIB per habitant (índex Catalunya=100);;79,7
2014;Baix Ebre;PIB (milions €);;1622,8
2014;Baix Ebre;PIB per habitant (€);;20483
2014;Baix Ebre;PIB per habitant (índex Catalunya=100);;74,0
2014;Baix Empordà;PIB (milions €);;2656,6
2014;Baix Empordà;PIB per habitant (€);;20378
2014;Baix Empordà;PIB per habitant (índex Catalunya=100);;73,7
2014;Baix Llobregat;PIB (milions €);;22391,4
2014;Baix Llobregat;PIB per habitant (€);;28050
2014;Baix Llobregat;PIB per habitant (índex Catalunya=100);;101,4
2014;Baix Penedès;PIB (milions €);;1640,8
2014;Baix Penedès;PIB per habitant (€);;16539
2014;Baix Penedès;PIB per habitant (índex Catalunya=100);;59,8
2014;Barcelonès;PIB (milions €);;75719,6
2014;Barcelonès;PIB per habitant (€);;34472
2014;Barcelonès;PIB per habitant (índex Catalunya=100);;124,6
2014;Berguedà;PIB (milions €);;821,1
2014;Berguedà;PIB per habitant (€);;20776
2014;Berguedà;PIB per habitant (índex Catalunya=100);;75,1
2014;Cerdanya;PIB (milions €);;399,8
2014;Cerdanya;PIB per habitant (€);;22306
2014;Cerdanya;PIB per habitant (índex Catalunya=100);;80,6
2014;Conca de Barberà;PIB (milions €);;573,5
2014;Conca de Barberà;PIB per habitant (€);;28011
2014;Conca de Barberà;PIB per habitant (índex Catalunya=100);;101,3
2014;Garraf;PIB (milions €);;2409,4
2014;Garraf;PIB per habitant (€);;16784
2014;Garraf;PIB per habitant (índex Catalunya=100);;60,7
2014;Garrigues;PIB (milions €);;383,4
2014;Garrigues;PIB per habitant (€);;19725
2014;Garrigues;PIB per habitant (índex Catalunya=100);;71,3
2014;Garrotxa;PIB (milions €);;1412,9
2014;Garrotxa;PIB per habitant (€);;25671
2014;Garrotxa;PIB per habitant (índex Catalunya=100);;92,8
2014;Gironès;PIB (milions €);;5146,9
2014;Gironès;PIB per habitant (€);;28434
2014;Gironès;PIB per habitant (índex Catalunya=100);;102,8
2014;Lluçanès;PIB (milions €);..;null
2014;Lluçanès;PIB per habitant (€);..;null
2014;Lluçanès;PIB per habitant (índex Catalunya=100);..;null
2014;Maresme;PIB (milions €);;8388,1
2014;Maresme;PIB per habitant (€);;19386
2014;Maresme;PIB per habitant (índex Catalunya=100);;70,1
2014;Moianès;PIB (milions €);;267,1
2014;Moianès;PIB per habitant (€);;20595
2014;Moianès;PIB per habitant (índex Catalunya=100);;74,5
2014;Montsià;PIB (milions €);;1075,2
2014;Montsià;PIB per habitant (€);;15637
2014;Montsià;PIB per habitant (índex Catalunya=100);;56,5
2014;Noguera;PIB (milions €);;823,7
2014;Noguera;PIB per habitant (€);;21222
2014;Noguera;PIB per habitant (índex Catalunya=100);;76,7
2014;Osona;PIB (milions €);;3964,3
2014;Osona;PIB per habitant (€);;26012
2014;Osona;PIB per habitant (índex Catalunya=100);;94,0
2014;Pallars Jussà;PIB (milions €);;265,4
2014;Pallars Jussà;PIB per habitant (€);;19968
2014;Pallars Jussà;PIB per habitant (índex Catalunya=100);;72,2
2014;Pallars Sobirà;PIB (milions €);;162,1
2014;Pallars Sobirà;PIB per habitant (€);;22933
2014;Pallars Sobirà;PIB per habitant (índex Catalunya=100);;82,9
2014;Pla d'Urgell;PIB (milions €);;885,8
2014;Pla d'Urgell;PIB per habitant (€);;24183
2014;Pla d'Urgell;PIB per habitant (índex Catalunya=100);;87,4
2014;Pla de l'Estany;PIB (milions €);;786,8
2014;Pla de l'Estany;PIB per habitant (€);;25148
2014;Pla de l'Estany;PIB per habitant (índex Catalunya=100);;90,9
2014;Priorat;PIB (milions €);;173,3
2014;Priorat;PIB per habitant (€);;18256
2014;Priorat;PIB per habitant (índex Catalunya=100);;66,0
2014;Ribera d'Ebre;PIB (milions €);;1054,6
2014;Ribera d'Ebre;PIB per habitant (€);;46871
2014;Ribera d'Ebre;PIB per habitant (índex Catalunya=100);;169,4
2014;Ripollès;PIB (milions €);;591,7
2014;Ripollès;PIB per habitant (€);;23280
2014;Ripollès;PIB per habitant (índex Catalunya=100);;84,2
2014;Segarra;PIB (milions €);;645,7
2014;Segarra;PIB per habitant (€);;28637
2014;Segarra;PIB per habitant (índex Catalunya=100);;103,5
2014;Segrià;PIB (milions €);;5238,3
2014;Segrià;PIB per habitant (€);;25528
2014;Segrià;PIB per habitant (índex Catalunya=100);;92,3
2014;Selva;PIB (milions €);;3837,2
2014;Selva;PIB per habitant (€);;22976
2014;Selva;PIB per habitant (índex Catalunya=100);;83,1
2014;Solsonès;PIB (milions €);;290,0
2014;Solsonès;PIB per habitant (€);;21578
2014;Solsonès;PIB per habitant (índex Catalunya=100);;78,0
2014;Tarragonès;PIB (milions €);;7192,2
2014;Tarragonès;PIB per habitant (€);;28858
2014;Tarragonès;PIB per habitant (índex Catalunya=100);;104,3
2014;Terra Alta;PIB (milions €);;284,8
2014;Terra Alta;PIB per habitant (€);;23981
2014;Terra Alta;PIB per habitant (índex Catalunya=100);;86,7
2014;Urgell;PIB (milions €);;787,3
2014;Urgell;PIB per habitant (€);;21815
2014;Urgell;PIB per habitant (índex Catalunya=100);;78,9
2014;Vallès Occidental;PIB (milions €);;24003,2
2014;Vallès Occidental;PIB per habitant (€);;26846
2014;Vallès Occidental;PIB per habitant (índex Catalunya=100);;97,1
2014;Vallès Oriental;PIB (milions €);;10852,5
2014;Vallès Oriental;PIB per habitant (€);;27336
2014;Vallès Oriental;PIB per habitant (índex Catalunya=100);;98,8
2014;Catalunya;PIB (milions €);;205511,1
2014;Catalunya;PIB per habitant (€);;27662
2014;Catalunya;PIB per habitant (índex Catalunya=100);;100,0
2015;Alt Camp;PIB (milions €);;1292,7
2015;Alt Camp;PIB per habitant (€);;29281
2015;Alt Camp;PIB per habitant (índex Catalunya=100);;101,5
2015;Alt Empordà;PIB (milions €);;2994,7
2015;Alt Empordà;PIB per habitant (€);;21962
2015;Alt Empordà;PIB per habitant (índex Catalunya=100);;76,1
2015;Alt Penedès;PIB (milions €);;2854,1
2015;Alt Penedès;PIB per habitant (€);;27040
2015;Alt Penedès;PIB per habitant (índex Catalunya=100);;93,7
2015;Alt Urgell;PIB (milions €);;425,6
2015;Alt Urgell;PIB per habitant (€);;20763
2015;Alt Urgell;PIB per habitant (índex Catalunya=100);;72,0
2015;Alta Ribagorça;PIB (milions €);;97,3
2015;Alta Ribagorça;PIB per habitant (€);;25035
2015;Alta Ribagorça;PIB per habitant (índex Catalunya=100);;86,8
2015;Anoia;PIB (milions €);;2429,1
2015;Anoia;PIB per habitant (€);;20719
2015;Anoia;PIB per habitant (índex Catalunya=100);;71,8
2015;Aran;PIB (milions €);;354,7
2015;Aran;PIB per habitant (€);;36236
2015;Aran;PIB per habitant (índex Catalunya=100);;125,6
2015;Bages;PIB (milions €);;4436,8
2015;Bages;PIB per habitant (€);;25621
2015;Bages;PIB per habitant (índex Catalunya=100);;88,8
2015;Baix Camp;PIB (milions €);;4328,7
2015;Baix Camp;PIB per habitant (€);;22953
2015;Baix Camp;PIB per habitant (índex Catalunya=100);;79,6
2015;Baix Ebre;PIB (milions €);;1638,7
2015;Baix Ebre;PIB per habitant (€);;20859
2015;Baix Ebre;PIB per habitant (índex Catalunya=100);;72,3
2015;Baix Empordà;PIB (milions €);;2775,4
2015;Baix Empordà;PIB per habitant (€);;21331
2015;Baix Empordà;PIB per habitant (índex Catalunya=100);;74,0
2015;Baix Llobregat;PIB (milions €);;23420,2
2015;Baix Llobregat;PIB per habitant (€);;29250
2015;Baix Llobregat;PIB per habitant (índex Catalunya=100);;101,4
2015;Baix Penedès;PIB (milions €);;1651,9
2015;Baix Penedès;PIB per habitant (€);;16677
2015;Baix Penedès;PIB per habitant (índex Catalunya=100);;57,8
2015;Barcelonès;PIB (milions €);;78884,9
2015;Barcelonès;PIB per habitant (€);;35848
2015;Barcelonès;PIB per habitant (índex Catalunya=100);;124,3
2015;Berguedà;PIB (milions €);;825,3
2015;Berguedà;PIB per habitant (€);;21089
2015;Berguedà;PIB per habitant (índex Catalunya=100);;73,1
2015;Cerdanya;PIB (milions €);;410,5
2015;Cerdanya;PIB per habitant (€);;23105
2015;Cerdanya;PIB per habitant (índex Catalunya=100);;80,1
2015;Conca de Barberà;PIB (milions €);;606,0
2015;Conca de Barberà;PIB per habitant (€);;29853
2015;Conca de Barberà;PIB per habitant (índex Catalunya=100);;103,5
2015;Garraf;PIB (milions €);;2523,2
2015;Garraf;PIB per habitant (€);;17532
2015;Garraf;PIB per habitant (índex Catalunya=100);;60,8
2015;Garrigues;PIB (milions €);;404,6
2015;Garrigues;PIB per habitant (€);;21066
2015;Garrigues;PIB per habitant (índex Catalunya=100);;73,0
2015;Garrotxa;PIB (milions €);;1510,5
2015;Garrotxa;PIB per habitant (€);;27496
2015;Garrotxa;PIB per habitant (índex Catalunya=100);;95,3
2015;Gironès;PIB (milions €);;5524,2
2015;Gironès;PIB per habitant (€);;30470
2015;Gironès;PIB per habitant (índex Catalunya=100);;105,6
2015;Lluçanès;PIB (milions €);..;null
2015;Lluçanès;PIB per habitant (€);..;null
2015;Lluçanès;PIB per habitant (índex Catalunya=100);..;null
2015;Maresme;PIB (milions €);;8799,5
2015;Maresme;PIB per habitant (€);;20257
2015;Maresme;PIB per habitant (índex Catalunya=100);;70,2
2015;Moianès;PIB (milions €);;280,6
2015;Moianès;PIB per habitant (€);;21501
2015;Moianès;PIB per habitant (índex Catalunya=100);;74,5
2015;Montsià;PIB (milions €);;1138,4
2015;Montsià;PIB per habitant (€);;16720
2015;Montsià;PIB per habitant (índex Catalunya=100);;58,0
2015;Noguera;PIB (milions €);;825,9
2015;Noguera;PIB per habitant (€);;21412
2015;Noguera;PIB per habitant (índex Catalunya=100);;74,2
2015;Osona;PIB (milions €);;4157,0
2015;Osona;PIB per habitant (€);;27165
2015;Osona;PIB per habitant (índex Catalunya=100);;94,2
2015;Pallars Jussà;PIB (milions €);;278,5
2015;Pallars Jussà;PIB per habitant (€);;20979
2015;Pallars Jussà;PIB per habitant (índex Catalunya=100);;72,7
2015;Pallars Sobirà;PIB (milions €);;170,7
2015;Pallars Sobirà;PIB per habitant (€);;24572
2015;Pallars Sobirà;PIB per habitant (índex Catalunya=100);;85,2
2015;Pla d'Urgell;PIB (milions €);;892,5
2015;Pla d'Urgell;PIB per habitant (€);;24317
2015;Pla d'Urgell;PIB per habitant (índex Catalunya=100);;84,3
2015;Pla de l'Estany;PIB (milions €);;794,8
2015;Pla de l'Estany;PIB per habitant (€);;25373
2015;Pla de l'Estany;PIB per habitant (índex Catalunya=100);;88,0
2015;Priorat;PIB (milions €);;172,5
2015;Priorat;PIB per habitant (€);;18374
2015;Priorat;PIB per habitant (índex Catalunya=100);;63,7
2015;Ribera d'Ebre;PIB (milions €);;1294,7
2015;Ribera d'Ebre;PIB per habitant (€);;58219
2015;Ribera d'Ebre;PIB per habitant (índex Catalunya=100);;201,9
2015;Ripollès;PIB (milions €);;577,9
2015;Ripollès;PIB per habitant (€);;23000
2015;Ripollès;PIB per habitant (índex Catalunya=100);;79,7
2015;Segarra;PIB (milions €);;626,8
2015;Segarra;PIB per habitant (€);;27981
2015;Segarra;PIB per habitant (índex Catalunya=100);;97,0
2015;Segrià;PIB (milions €);;5387,1
2015;Segrià;PIB per habitant (€);;26299
2015;Segrià;PIB per habitant (índex Catalunya=100);;91,2
2015;Selva;PIB (milions €);;3987,0
2015;Selva;PIB per habitant (€);;24047
2015;Selva;PIB per habitant (índex Catalunya=100);;83,4
2015;Solsonès;PIB (milions €);;301,0
2015;Solsonès;PIB per habitant (€);;22458
2015;Solsonès;PIB per habitant (índex Catalunya=100);;77,9
2015;Tarragonès;PIB (milions €);;8452,3
2015;Tarragonès;PIB per habitant (€);;33868
2015;Tarragonès;PIB per habitant (índex Catalunya=100);;117,4
2015;Terra Alta;PIB (milions €);;287,3
2015;Terra Alta;PIB per habitant (€);;24598
2015;Terra Alta;PIB per habitant (índex Catalunya=100);;85,3
2015;Urgell;PIB (milions €);;832,0
2015;Urgell;PIB per habitant (€);;23167
2015;Urgell;PIB per habitant (índex Catalunya=100);;80,3
2015;Vallès Occidental;PIB (milions €);;24560,2
2015;Vallès Occidental;PIB per habitant (€);;27355
2015;Vallès Occidental;PIB per habitant (índex Catalunya=100);;94,8
2015;Vallès Oriental;PIB (milions €);;11282,8
2015;Vallès Oriental;PIB per habitant (€);;28333
2015;Vallès Oriental;PIB per habitant (índex Catalunya=100);;98,2
2015;Catalunya;PIB (milions €);;214488,5
2015;Catalunya;PIB per habitant (€);;28842
2015;Catalunya;PIB per habitant (índex Catalunya=100);;100,0
2016;Alt Camp;PIB (milions €);;1371,5
2016;Alt Camp;PIB per habitant (€);;31134
2016;Alt Camp;PIB per habitant (índex Catalunya=100);;104,0
2016;Alt Empordà;PIB (milions €);;3106,6
2016;Alt Empordà;PIB per habitant (€);;22767
2016;Alt Empordà;PIB per habitant (índex Catalunya=100);;76,1
2016;Alt Penedès;PIB (milions €);;2953,3
2016;Alt Penedès;PIB per habitant (€);;27842
2016;Alt Penedès;PIB per habitant (índex Catalunya=100);;93,0
2016;Alt Urgell;PIB (milions €);;441,4
2016;Alt Urgell;PIB per habitant (€);;21719
2016;Alt Urgell;PIB per habitant (índex Catalunya=100);;72,6
2016;Alta Ribagorça;PIB (milions €);;104,4
2016;Alta Ribagorça;PIB per habitant (€);;27120
2016;Alta Ribagorça;PIB per habitant (índex Catalunya=100);;90,6
2016;Anoia;PIB (milions €);;2408,4
2016;Anoia;PIB per habitant (€);;20430
2016;Anoia;PIB per habitant (índex Catalunya=100);;68,3
2016;Aran;PIB (milions €);;362,9
2016;Aran;PIB per habitant (€);;36985
2016;Aran;PIB per habitant (índex Catalunya=100);;123,6
2016;Bages;PIB (milions €);;4530,7
2016;Bages;PIB per habitant (€);;26124
2016;Bages;PIB per habitant (índex Catalunya=100);;87,3
2016;Baix Camp;PIB (milions €);;4379,2
2016;Baix Camp;PIB per habitant (€);;23201
2016;Baix Camp;PIB per habitant (índex Catalunya=100);;77,5
2016;Baix Ebre;PIB (milions €);;1653,4
2016;Baix Ebre;PIB per habitant (€);;21200
2016;Baix Ebre;PIB per habitant (índex Catalunya=100);;70,8
2016;Baix Empordà;PIB (milions €);;2834,6
2016;Baix Empordà;PIB per habitant (€);;21721
2016;Baix Empordà;PIB per habitant (índex Catalunya=100);;72,6
2016;Baix Llobregat;PIB (milions €);;24891,9
2016;Baix Llobregat;PIB per habitant (€);;30916
2016;Baix Llobregat;PIB per habitant (índex Catalunya=100);;103,3
2016;Baix Penedès;PIB (milions €);;1742,3
2016;Baix Penedès;PIB per habitant (€);;17468
2016;Baix Penedès;PIB per habitant (índex Catalunya=100);;58,4
2016;Barcelonès;PIB (milions €);;82573,9
2016;Barcelonès;PIB per habitant (€);;37257
2016;Barcelonès;PIB per habitant (índex Catalunya=100);;124,5
2016;Berguedà;PIB (milions €);;861,0
2016;Berguedà;PIB per habitant (€);;22107
2016;Berguedà;PIB per habitant (índex Catalunya=100);;73,9
2016;Cerdanya;PIB (milions €);;409,4
2016;Cerdanya;PIB per habitant (€);;23082
2016;Cerdanya;PIB per habitant (índex Catalunya=100);;77,1
2016;Conca de Barberà;PIB (milions €);;621,1
2016;Conca de Barberà;PIB per habitant (€);;30855
2016;Conca de Barberà;PIB per habitant (índex Catalunya=100);;103,1
2016;Garraf;PIB (milions €);;2648,1
2016;Garraf;PIB per habitant (€);;18281
2016;Garraf;PIB per habitant (índex Catalunya=100);;61,1
2016;Garrigues;PIB (milions €);;403,2
2016;Garrigues;PIB per habitant (€);;21144
2016;Garrigues;PIB per habitant (índex Catalunya=100);;70,6
2016;Garrotxa;PIB (milions €);;1580,1
2016;Garrotxa;PIB per habitant (€);;28725
2016;Garrotxa;PIB per habitant (índex Catalunya=100);;96,0
2016;Gironès;PIB (milions €);;5829,0
2016;Gironès;PIB per habitant (€);;31908
2016;Gironès;PIB per habitant (índex Catalunya=100);;106,6
2016;Lluçanès;PIB (milions €);..;null
2016;Lluçanès;PIB per habitant (€);..;null
2016;Lluçanès;PIB per habitant (índex Catalunya=100);..;null
2016;Maresme;PIB (milions €);;8877,1
2016;Maresme;PIB per habitant (€);;20317
2016;Maresme;PIB per habitant (índex Catalunya=100);;67,9
2016;Moianès;PIB (milions €);;277,0
2016;Moianès;PIB per habitant (€);;21069
2016;Moianès;PIB per habitant (índex Catalunya=100);;70,4
2016;Montsià;PIB (milions €);;1187,4
2016;Montsià;PIB per habitant (€);;17468
2016;Montsià;PIB per habitant (índex Catalunya=100);;58,4
2016;Noguera;PIB (milions €);;856,4
2016;Noguera;PIB per habitant (€);;22311
2016;Noguera;PIB per habitant (índex Catalunya=100);;74,5
2016;Osona;PIB (milions €);;4293,3
2016;Osona;PIB per habitant (€);;27855
2016;Osona;PIB per habitant (índex Catalunya=100);;93,1
2016;Pallars Jussà;PIB (milions €);;276,9
2016;Pallars Jussà;PIB per habitant (€);;21091
2016;Pallars Jussà;PIB per habitant (índex Catalunya=100);;70,5
2016;Pallars Sobirà;PIB (milions €);;174,6
2016;Pallars Sobirà;PIB per habitant (€);;25303
2016;Pallars Sobirà;PIB per habitant (índex Catalunya=100);;84,5
2016;Pla d'Urgell;PIB (milions €);;959,4
2016;Pla d'Urgell;PIB per habitant (€);;26071
2016;Pla d'Urgell;PIB per habitant (índex Catalunya=100);;87,1
2016;Pla de l'Estany;PIB (milions €);;836,4
2016;Pla de l'Estany;PIB per habitant (€);;26575
2016;Pla de l'Estany;PIB per habitant (índex Catalunya=100);;88,8
2016;Priorat;PIB (milions €);;177,1
2016;Priorat;PIB per habitant (€);;19049
2016;Priorat;PIB per habitant (índex Catalunya=100);;63,6
2016;Ribera d'Ebre;PIB (milions €);;1156,5
2016;Ribera d'Ebre;PIB per habitant (€);;52602
2016;Ribera d'Ebre;PIB per habitant (índex Catalunya=100);;175,7
2016;Ripollès;PIB (milions €);;595,7
2016;Ripollès;PIB per habitant (€);;23872
2016;Ripollès;PIB per habitant (índex Catalunya=100);;79,8
2016;Segarra;PIB (milions €);;666,5
2016;Segarra;PIB per habitant (€);;29806
2016;Segarra;PIB per habitant (índex Catalunya=100);;99,6
2016;Segrià;PIB (milions €);;5671,3
2016;Segrià;PIB per habitant (€);;27722
2016;Segrià;PIB per habitant (índex Catalunya=100);;92,6
2016;Selva;PIB (milions €);;4066,5
2016;Selva;PIB per habitant (€);;24541
2016;Selva;PIB per habitant (índex Catalunya=100);;82,0
2016;Solsonès;PIB (milions €);;325,5
2016;Solsonès;PIB per habitant (€);;24245
2016;Solsonès;PIB per habitant (índex Catalunya=100);;81,0
2016;Tarragonès;PIB (milions €);;8738,8
2016;Tarragonès;PIB per habitant (€);;34921
2016;Tarragonès;PIB per habitant (índex Catalunya=100);;116,7
2016;Terra Alta;PIB (milions €);;274,9
2016;Terra Alta;PIB per habitant (€);;23750
2016;Terra Alta;PIB per habitant (índex Catalunya=100);;79,3
2016;Urgell;PIB (milions €);;878,2
2016;Urgell;PIB per habitant (€);;24500
2016;Urgell;PIB per habitant (índex Catalunya=100);;81,9
2016;Vallès Occidental;PIB (milions €);;25885,3
2016;Vallès Occidental;PIB per habitant (€);;28626
2016;Vallès Occidental;PIB per habitant (índex Catalunya=100);;95,6
2016;Vallès Oriental;PIB (milions €);;11771,1
2016;Vallès Oriental;PIB per habitant (€);;29396
2016;Vallès Oriental;PIB per habitant (índex Catalunya=100);;98,2
2016;Catalunya;PIB (milions €);;223652,6
2016;Catalunya;PIB per habitant (€);;29931
2016;Catalunya;PIB per habitant (índex Catalunya=100);;100,0
2017;Alt Camp;PIB (milions €);;1448,4
2017;Alt Camp;PIB per habitant (€);;32841
2017;Alt Camp;PIB per habitant (índex Catalunya=100);;106,1
2017;Alt Empordà;PIB (milions €);;3166,0
2017;Alt Empordà;PIB per habitant (€);;23152
2017;Alt Empordà;PIB per habitant (índex Catalunya=100);;74,8
2017;Alt Penedès;PIB (milions €);;3082,3
2017;Alt Penedès;PIB per habitant (€);;28784
2017;Alt Penedès;PIB per habitant (índex Catalunya=100);;93,0
2017;Alt Urgell;PIB (milions €);;466,4
2017;Alt Urgell;PIB per habitant (€);;23077
2017;Alt Urgell;PIB per habitant (índex Catalunya=100);;74,5
2017;Alta Ribagorça;PIB (milions €);;125,1
2017;Alta Ribagorça;PIB per habitant (€);;32696
2017;Alta Ribagorça;PIB per habitant (índex Catalunya=100);;105,6
2017;Anoia;PIB (milions €);;2508,1
2017;Anoia;PIB per habitant (€);;21118
2017;Anoia;PIB per habitant (índex Catalunya=100);;68,2
2017;Aran;PIB (milions €);;371,2
2017;Aran;PIB per habitant (€);;37652
2017;Aran;PIB per habitant (índex Catalunya=100);;121,6
2017;Bages;PIB (milions €);;4868,8
2017;Bages;PIB per habitant (€);;27947
2017;Bages;PIB per habitant (índex Catalunya=100);;90,3
2017;Baix Camp;PIB (milions €);;4695,2
2017;Baix Camp;PIB per habitant (€);;24799
2017;Baix Camp;PIB per habitant (índex Catalunya=100);;80,1
2017;Baix Ebre;PIB (milions €);;1746,3
2017;Baix Ebre;PIB per habitant (€);;22565
2017;Baix Ebre;PIB per habitant (índex Catalunya=100);;72,9
2017;Baix Empordà;PIB (milions €);;2992,1
2017;Baix Empordà;PIB per habitant (€);;22837
2017;Baix Empordà;PIB per habitant (índex Catalunya=100);;73,8
2017;Baix Llobregat;PIB (milions €);;26017,5
2017;Baix Llobregat;PIB per habitant (€);;32122
2017;Baix Llobregat;PIB per habitant (índex Catalunya=100);;103,8
2017;Baix Penedès;PIB (milions €);;1880,1
2017;Baix Penedès;PIB per habitant (€);;18583
2017;Baix Penedès;PIB per habitant (índex Catalunya=100);;60,0
2017;Barcelonès;PIB (milions €);;85219,2
2017;Barcelonès;PIB per habitant (€);;38157
2017;Barcelonès;PIB per habitant (índex Catalunya=100);;123,3
2017;Berguedà;PIB (milions €);;919,5
2017;Berguedà;PIB per habitant (€);;23605
2017;Berguedà;PIB per habitant (índex Catalunya=100);;76,2
2017;Cerdanya;PIB (milions €);;422,7
2017;Cerdanya;PIB per habitant (€);;23849
2017;Cerdanya;PIB per habitant (índex Catalunya=100);;77,0
2017;Conca de Barberà;PIB (milions €);;648,6
2017;Conca de Barberà;PIB per habitant (€);;32370
2017;Conca de Barberà;PIB per habitant (índex Catalunya=100);;104,6
2017;Garraf;PIB (milions €);;2823,1
2017;Garraf;PIB per habitant (€);;19343
2017;Garraf;PIB per habitant (índex Catalunya=100);;62,5
2017;Garrigues;PIB (milions €);;432,3
2017;Garrigues;PIB per habitant (€);;22824
2017;Garrigues;PIB per habitant (índex Catalunya=100);;73,7
2017;Garrotxa;PIB (milions €);;1659,1
2017;Garrotxa;PIB per habitant (€);;29969
2017;Garrotxa;PIB per habitant (índex Catalunya=100);;96,8
2017;Gironès;PIB (milions €);;5938,2
2017;Gironès;PIB per habitant (€);;32123
2017;Gironès;PIB per habitant (índex Catalunya=100);;103,8
2017;Lluçanès;PIB (milions €);..;null
2017;Lluçanès;PIB per habitant (€);..;null
2017;Lluçanès;PIB per habitant (índex Catalunya=100);..;null
2017;Maresme;PIB (milions €);;9424,6
2017;Maresme;PIB per habitant (€);;21407
2017;Maresme;PIB per habitant (índex Catalunya=100);;69,2
2017;Moianès;PIB (milions €);;284,7
2017;Moianès;PIB per habitant (€);;21469
2017;Moianès;PIB per habitant (índex Catalunya=100);;69,4
2017;Montsià;PIB (milions €);;1252,4
2017;Montsià;PIB per habitant (€);;18431
2017;Montsià;PIB per habitant (índex Catalunya=100);;59,5
2017;Noguera;PIB (milions €);;958,0
2017;Noguera;PIB per habitant (€);;25045
2017;Noguera;PIB per habitant (índex Catalunya=100);;80,9
2017;Osona;PIB (milions €);;4446,6
2017;Osona;PIB per habitant (€);;28561
2017;Osona;PIB per habitant (índex Catalunya=100);;92,3
2017;Pallars Jussà;PIB (milions €);;295,9
2017;Pallars Jussà;PIB per habitant (€);;22755
2017;Pallars Jussà;PIB per habitant (índex Catalunya=100);;73,5
2017;Pallars Sobirà;PIB (milions €);;186,1
2017;Pallars Sobirà;PIB per habitant (€);;26982
2017;Pallars Sobirà;PIB per habitant (índex Catalunya=100);;87,2
2017;Pla d'Urgell;PIB (milions €);;987,3
2017;Pla d'Urgell;PIB per habitant (€);;26758
2017;Pla d'Urgell;PIB per habitant (índex Catalunya=100);;86,4
2017;Pla de l'Estany;PIB (milions €);;872,0
2017;Pla de l'Estany;PIB per habitant (€);;27514
2017;Pla de l'Estany;PIB per habitant (índex Catalunya=100);;88,9
2017;Priorat;PIB (milions €);;164,0
2017;Priorat;PIB per habitant (€);;17729
2017;Priorat;PIB per habitant (índex Catalunya=100);;57,3
2017;Ribera d'Ebre;PIB (milions €);;1392,2
2017;Ribera d'Ebre;PIB per habitant (€);;63852
2017;Ribera d'Ebre;PIB per habitant (índex Catalunya=100);;206,3
2017;Ripollès;PIB (milions €);;593,4
2017;Ripollès;PIB per habitant (€);;23848
2017;Ripollès;PIB per habitant (índex Catalunya=100);;77,0
2017;Segarra;PIB (milions €);;757,6
2017;Segarra;PIB per habitant (€);;33823
2017;Segarra;PIB per habitant (índex Catalunya=100);;109,3
2017;Segrià;PIB (milions €);;5840,0
2017;Segrià;PIB per habitant (€);;28554
2017;Segrià;PIB per habitant (índex Catalunya=100);;92,2
2017;Selva;PIB (milions €);;4249,6
2017;Selva;PIB per habitant (€);;25597
2017;Selva;PIB per habitant (índex Catalunya=100);;82,7
2017;Solsonès;PIB (milions €);;348,3
2017;Solsonès;PIB per habitant (€);;25816
2017;Solsonès;PIB per habitant (índex Catalunya=100);;83,4
2017;Tarragonès;PIB (milions €);;8816,9
2017;Tarragonès;PIB per habitant (€);;34961
2017;Tarragonès;PIB per habitant (índex Catalunya=100);;112,9
2017;Terra Alta;PIB (milions €);;302,6
2017;Terra Alta;PIB per habitant (€);;26405
2017;Terra Alta;PIB per habitant (índex Catalunya=100);;85,3
2017;Urgell;PIB (milions €);;956,3
2017;Urgell;PIB per habitant (€);;26604
2017;Urgell;PIB per habitant (índex Catalunya=100);;85,9
2017;Vallès Occidental;PIB (milions €);;27085,2
2017;Vallès Occidental;PIB per habitant (€);;29707
2017;Vallès Occidental;PIB per habitant (índex Catalunya=100);;96,0
2017;Vallès Oriental;PIB (milions €);;12156,0
2017;Vallès Oriental;PIB per habitant (€);;30124
2017;Vallès Oriental;PIB per habitant (índex Catalunya=100);;97,3
2017;Catalunya;PIB (milions €);;232800,0
2017;Catalunya;PIB per habitant (€);;30957
2017;Catalunya;PIB per habitant (índex Catalunya=100);;100,0
2018;Alt Camp;PIB (milions €);;1473,0
2018;Alt Camp;PIB per habitant (€);;33253
2018;Alt Camp;PIB per habitant (índex Catalunya=100);;103,5
2018;Alt Empordà;PIB (milions €);;3397,6
2018;Alt Empordà;PIB per habitant (€);;24716
2018;Alt Empordà;PIB per habitant (índex Catalunya=100);;77,0
2018;Alt Penedès;PIB (milions €);;3214,8
2018;Alt Penedès;PIB per habitant (€);;29758
2018;Alt Penedès;PIB per habitant (índex Catalunya=100);;92,7
2018;Alt Urgell;PIB (milions €);;495,7
2018;Alt Urgell;PIB per habitant (€);;24566
2018;Alt Urgell;PIB per habitant (índex Catalunya=100);;76,5
2018;Alta Ribagorça;PIB (milions €);;132,3
2018;Alta Ribagorça;PIB per habitant (€);;34665
2018;Alta Ribagorça;PIB per habitant (índex Catalunya=100);;107,9
2018;Anoia;PIB (milions €);;2523,7
2018;Anoia;PIB per habitant (€);;21033
2018;Anoia;PIB per habitant (índex Catalunya=100);;65,5
2018;Aran;PIB (milions €);;393,1
2018;Aran;PIB per habitant (€);;39631
2018;Aran;PIB per habitant (índex Catalunya=100);;123,4
2018;Bages;PIB (milions €);;5030,2
2018;Bages;PIB per habitant (€);;28613
2018;Bages;PIB per habitant (índex Catalunya=100);;89,1
2018;Baix Camp;PIB (milions €);;4432,6
2018;Baix Camp;PIB per habitant (€);;23192
2018;Baix Camp;PIB per habitant (índex Catalunya=100);;72,2
2018;Baix Ebre;PIB (milions €);;1789,7
2018;Baix Ebre;PIB per habitant (€);;23187
2018;Baix Ebre;PIB per habitant (índex Catalunya=100);;72,2
2018;Baix Empordà;PIB (milions €);;3081,0
2018;Baix Empordà;PIB per habitant (€);;23377
2018;Baix Empordà;PIB per habitant (índex Catalunya=100);;72,8
2018;Baix Llobregat;PIB (milions €);;27688,0
2018;Baix Llobregat;PIB per habitant (€);;33951
2018;Baix Llobregat;PIB per habitant (índex Catalunya=100);;105,7
2018;Baix Penedès;PIB (milions €);;1970,7
2018;Baix Penedès;PIB per habitant (€);;19091
2018;Baix Penedès;PIB per habitant (índex Catalunya=100);;59,4
2018;Barcelonès;PIB (milions €);;89358,4
2018;Barcelonès;PIB per habitant (€);;39678
2018;Barcelonès;PIB per habitant (índex Catalunya=100);;123,5
2018;Berguedà;PIB (milions €);;985,2
2018;Berguedà;PIB per habitant (€);;25179
2018;Berguedà;PIB per habitant (índex Catalunya=100);;78,4
2018;Cerdanya;PIB (milions €);;461,9
2018;Cerdanya;PIB per habitant (€);;25839
2018;Cerdanya;PIB per habitant (índex Catalunya=100);;80,5
2018;Conca de Barberà;PIB (milions €);;674,4
2018;Conca de Barberà;PIB per habitant (€);;33834
2018;Conca de Barberà;PIB per habitant (índex Catalunya=100);;105,4
2018;Garraf;PIB (milions €);;2949,3
2018;Garraf;PIB per habitant (€);;20044
2018;Garraf;PIB per habitant (índex Catalunya=100);;62,4
2018;Garrigues;PIB (milions €);;452,1
2018;Garrigues;PIB per habitant (€);;23958
2018;Garrigues;PIB per habitant (índex Catalunya=100);;74,6
2018;Garrotxa;PIB (milions €);;1698,9
2018;Garrotxa;PIB per habitant (€);;30324
2018;Garrotxa;PIB per habitant (índex Catalunya=100);;94,4
2018;Gironès;PIB (milions €);;6218,2
2018;Gironès;PIB per habitant (€);;33206
2018;Gironès;PIB per habitant (índex Catalunya=100);;103,4
2018;Lluçanès;PIB (milions €);..;null
2018;Lluçanès;PIB per habitant (€);..;null
2018;Lluçanès;PIB per habitant (índex Catalunya=100);..;null
2018;Maresme;PIB (milions €);;9890,7
2018;Maresme;PIB per habitant (€);;22253
2018;Maresme;PIB per habitant (índex Catalunya=100);;69,3
2018;Moianès;PIB (milions €);;317,0
2018;Moianès;PIB per habitant (€);;23648
2018;Moianès;PIB per habitant (índex Catalunya=100);;73,6
2018;Montsià;PIB (milions €);;1260,5
2018;Montsià;PIB per habitant (€);;18514
2018;Montsià;PIB per habitant (índex Catalunya=100);;57,6
2018;Noguera;PIB (milions €);;963,5
2018;Noguera;PIB per habitant (€);;25213
2018;Noguera;PIB per habitant (índex Catalunya=100);;78,5
2018;Osona;PIB (milions €);;4776,5
2018;Osona;PIB per habitant (€);;30294
2018;Osona;PIB per habitant (índex Catalunya=100);;94,3
2018;Pallars Jussà;PIB (milions €);;315,2
2018;Pallars Jussà;PIB per habitant (€);;24394
2018;Pallars Jussà;PIB per habitant (índex Catalunya=100);;76,0
2018;Pallars Sobirà;PIB (milions €);;207,5
2018;Pallars Sobirà;PIB per habitant (€);;30086
2018;Pallars Sobirà;PIB per habitant (índex Catalunya=100);;93,7
2018;Pla d'Urgell;PIB (milions €);;1046,2
2018;Pla d'Urgell;PIB per habitant (€);;28283
2018;Pla d'Urgell;PIB per habitant (índex Catalunya=100);;88,1
2018;Pla de l'Estany;PIB (milions €);;908,8
2018;Pla de l'Estany;PIB per habitant (€);;28448
2018;Pla de l'Estany;PIB per habitant (índex Catalunya=100);;88,6
2018;Priorat;PIB (milions €);;173,9
2018;Priorat;PIB per habitant (€);;18906
2018;Priorat;PIB per habitant (índex Catalunya=100);;58,9
2018;Ribera d'Ebre;PIB (milions €);;1467,9
2018;Ribera d'Ebre;PIB per habitant (€);;67754
2018;Ribera d'Ebre;PIB per habitant (índex Catalunya=100);;211,0
2018;Ripollès;PIB (milions €);;631,1
2018;Ripollès;PIB per habitant (€);;25351
2018;Ripollès;PIB per habitant (índex Catalunya=100);;78,9
2018;Segarra;PIB (milions €);;814,4
2018;Segarra;PIB per habitant (€);;36163
2018;Segarra;PIB per habitant (índex Catalunya=100);;112,6
2018;Segrià;PIB (milions €);;6061,9
2018;Segrià;PIB per habitant (€);;29525
2018;Segrià;PIB per habitant (índex Catalunya=100);;91,9
2018;Selva;PIB (milions €);;4508,2
2018;Selva;PIB per habitant (€);;26934
2018;Selva;PIB per habitant (índex Catalunya=100);;83,9
2018;Solsonès;PIB (milions €);;362,5
2018;Solsonès;PIB per habitant (€);;26700
2018;Solsonès;PIB per habitant (índex Catalunya=100);;83,1
2018;Tarragonès;PIB (milions €);;8921,2
2018;Tarragonès;PIB per habitant (€);;34914
2018;Tarragonès;PIB per habitant (índex Catalunya=100);;108,7
2018;Terra Alta;PIB (milions €);;302,0
2018;Terra Alta;PIB per habitant (€);;26556
2018;Terra Alta;PIB per habitant (índex Catalunya=100);;82,7
2018;Urgell;PIB (milions €);;991,5
2018;Urgell;PIB per habitant (€);;27358
2018;Urgell;PIB per habitant (índex Catalunya=100);;85,2
2018;Vallès Occidental;PIB (milions €);;28509,1
2018;Vallès Occidental;PIB per habitant (€);;30997
2018;Vallès Occidental;PIB per habitant (índex Catalunya=100);;96,5
2018;Vallès Oriental;PIB (milions €);;12636,6
2018;Vallès Oriental;PIB per habitant (€);;31052
2018;Vallès Oriental;PIB per habitant (índex Catalunya=100);;96,7
2018;Catalunya;PIB (milions €);;243487,3
2018;Catalunya;PIB per habitant (€);;32115
2018;Catalunya;PIB per habitant (índex Catalunya=100);;100,0
2019;Alt Camp;PIB (milions €);;1527,7
2019;Alt Camp;PIB per habitant (€);;34220
2019;Alt Camp;PIB per habitant (índex Catalunya=100);;103,6
2019;Alt Empordà;PIB (milions €);;3577,8
2019;Alt Empordà;PIB per habitant (€);;25804
2019;Alt Empordà;PIB per habitant (índex Catalunya=100);;78,1
2019;Alt Penedès;PIB (milions €);;3306,7
2019;Alt Penedès;PIB per habitant (€);;30319
2019;Alt Penedès;PIB per habitant (índex Catalunya=100);;91,8
2019;Alt Urgell;PIB (milions €);;493,4
2019;Alt Urgell;PIB per habitant (€);;24570
2019;Alt Urgell;PIB per habitant (índex Catalunya=100);;74,4
2019;Alta Ribagorça;PIB (milions €);;105,2
2019;Alta Ribagorça;PIB per habitant (€);;27422
2019;Alta Ribagorça;PIB per habitant (índex Catalunya=100);;83,0
2019;Anoia;PIB (milions €);;2756,1
2019;Anoia;PIB per habitant (€);;22595
2019;Anoia;PIB per habitant (índex Catalunya=100);;68,4
2019;Aran;PIB (milions €);;372,8
2019;Aran;PIB per habitant (€);;37265
2019;Aran;PIB per habitant (índex Catalunya=100);;112,9
2019;Bages;PIB (milions €);;4934,3
2019;Bages;PIB per habitant (€);;27718
2019;Bages;PIB per habitant (índex Catalunya=100);;83,9
2019;Baix Camp;PIB (milions €);;4832,8
2019;Baix Camp;PIB per habitant (€);;24943
2019;Baix Camp;PIB per habitant (índex Catalunya=100);;75,5
2019;Baix Ebre;PIB (milions €);;1858,7
2019;Baix Ebre;PIB per habitant (€);;23967
2019;Baix Ebre;PIB per habitant (índex Catalunya=100);;72,6
2019;Baix Empordà;PIB (milions €);;3201,1
2019;Baix Empordà;PIB per habitant (€);;24072
2019;Baix Empordà;PIB per habitant (índex Catalunya=100);;72,9
2019;Baix Llobregat;PIB (milions €);;28412,8
2019;Baix Llobregat;PIB per habitant (€);;34494
2019;Baix Llobregat;PIB per habitant (índex Catalunya=100);;104,5
2019;Baix Penedès;PIB (milions €);;2062,4
2019;Baix Penedès;PIB per habitant (€);;19490
2019;Baix Penedès;PIB per habitant (índex Catalunya=100);;59,0
2019;Barcelonès;PIB (milions €);;93758,1
2019;Barcelonès;PIB per habitant (€);;41132
2019;Barcelonès;PIB per habitant (índex Catalunya=100);;124,6
2019;Berguedà;PIB (milions €);;1043,7
2019;Berguedà;PIB per habitant (€);;26388
2019;Berguedà;PIB per habitant (índex Catalunya=100);;79,9
2019;Cerdanya;PIB (milions €);;476,3
2019;Cerdanya;PIB per habitant (€);;26129
2019;Cerdanya;PIB per habitant (índex Catalunya=100);;79,1
2019;Conca de Barberà;PIB (milions €);;648,2
2019;Conca de Barberà;PIB per habitant (€);;32686
2019;Conca de Barberà;PIB per habitant (índex Catalunya=100);;99,0
2019;Garraf;PIB (milions €);;3076,7
2019;Garraf;PIB per habitant (€);;20663
2019;Garraf;PIB per habitant (índex Catalunya=100);;62,6
2019;Garrigues;PIB (milions €);;463,1
2019;Garrigues;PIB per habitant (€);;24464
2019;Garrigues;PIB per habitant (índex Catalunya=100);;74,1
2019;Garrotxa;PIB (milions €);;1719,6
2019;Garrotxa;PIB per habitant (€);;30179
2019;Garrotxa;PIB per habitant (índex Catalunya=100);;91,4
2019;Gironès;PIB (milions €);;6364,4
2019;Gironès;PIB per habitant (€);;33498
2019;Gironès;PIB per habitant (índex Catalunya=100);;101,4
2019;Lluçanès;PIB (milions €);..;null
2019;Lluçanès;PIB per habitant (€);..;null
2019;Lluçanès;PIB per habitant (índex Catalunya=100);..;null
2019;Maresme;PIB (milions €);;10286,2
2019;Maresme;PIB per habitant (€);;22856
2019;Maresme;PIB per habitant (índex Catalunya=100);;69,2
2019;Moianès;PIB (milions €);;309,4
2019;Moianès;PIB per habitant (€);;22680
2019;Moianès;PIB per habitant (índex Catalunya=100);;68,7
2019;Montsià;PIB (milions €);;1332,0
2019;Montsià;PIB per habitant (€);;19380
2019;Montsià;PIB per habitant (índex Catalunya=100);;58,7
2019;Noguera;PIB (milions €);;985,9
2019;Noguera;PIB per habitant (€);;25675
2019;Noguera;PIB per habitant (índex Catalunya=100);;77,8
2019;Osona;PIB (milions €);;4919,4
2019;Osona;PIB per habitant (€);;30702
2019;Osona;PIB per habitant (índex Catalunya=100);;93,0
2019;Pallars Jussà;PIB (milions €);;294,8
2019;Pallars Jussà;PIB per habitant (€);;22711
2019;Pallars Jussà;PIB per habitant (índex Catalunya=100);;68,8
2019;Pallars Sobirà;PIB (milions €);;196,9
2019;Pallars Sobirà;PIB per habitant (€);;28540
2019;Pallars Sobirà;PIB per habitant (índex Catalunya=100);;86,4
2019;Pla d'Urgell;PIB (milions €);;1115,8
2019;Pla d'Urgell;PIB per habitant (€);;30030
2019;Pla d'Urgell;PIB per habitant (índex Catalunya=100);;90,9
2019;Pla de l'Estany;PIB (milions €);;893,6
2019;Pla de l'Estany;PIB per habitant (€);;27709
2019;Pla de l'Estany;PIB per habitant (índex Catalunya=100);;83,9
2019;Priorat;PIB (milions €);;181,2
2019;Priorat;PIB per habitant (€);;19794
2019;Priorat;PIB per habitant (índex Catalunya=100);;59,9
2019;Ribera d'Ebre;PIB (milions €);;1405,9
2019;Ribera d'Ebre;PIB per habitant (€);;65004
2019;Ribera d'Ebre;PIB per habitant (índex Catalunya=100);;196,9
2019;Ripollès;PIB (milions €);;626,4
2019;Ripollès;PIB per habitant (€);;25059
2019;Ripollès;PIB per habitant (índex Catalunya=100);;75,9
2019;Segarra;PIB (milions €);;823,0
2019;Segarra;PIB per habitant (€);;36224
2019;Segarra;PIB per habitant (índex Catalunya=100);;109,7
2019;Segrià;PIB (milions €);;6315,2
2019;Segrià;PIB per habitant (€);;30440
2019;Segrià;PIB per habitant (índex Catalunya=100);;92,2
2019;Selva;PIB (milions €);;4743,5
2019;Selva;PIB per habitant (€);;27939
2019;Selva;PIB per habitant (índex Catalunya=100);;84,6
2019;Solsonès;PIB (milions €);;360,5
2019;Solsonès;PIB per habitant (€);;26330
2019;Solsonès;PIB per habitant (índex Catalunya=100);;79,7
2019;Tarragonès;PIB (milions €);;9217,7
2019;Tarragonès;PIB per habitant (€);;35457
2019;Tarragonès;PIB per habitant (índex Catalunya=100);;107,4
2019;Terra Alta;PIB (milions €);;301,8
2019;Terra Alta;PIB per habitant (€);;26683
2019;Terra Alta;PIB per habitant (índex Catalunya=100);;80,8
2019;Urgell;PIB (milions €);;1055,4
2019;Urgell;PIB per habitant (€);;28746
2019;Urgell;PIB per habitant (índex Catalunya=100);;87,1
2019;Vallès Occidental;PIB (milions €);;29775,2
2019;Vallès Occidental;PIB per habitant (€);;32014
2019;Vallès Occidental;PIB per habitant (índex Catalunya=100);;96,9
2019;Vallès Oriental;PIB (milions €);;13166,9
2019;Vallès Oriental;PIB per habitant (€);;32032
2019;Vallès Oriental;PIB per habitant (índex Catalunya=100);;97,0
2019;Catalunya;PIB (milions €);;253298,8
2019;Catalunya;PIB per habitant (€);;33021
2019;Catalunya;PIB per habitant (índex Catalunya=100);;100,0
2020;Alt Camp;PIB (milions €);;1422,8
2020;Alt Camp;PIB per habitant (€);;31596
2020;Alt Camp;PIB per habitant (índex Catalunya=100);;108,3
2020;Alt Empordà;PIB (milions €);;3166,9
2020;Alt Empordà;PIB per habitant (€);;22638
2020;Alt Empordà;PIB per habitant (índex Catalunya=100);;77,6
2020;Alt Penedès;PIB (milions €);;3087,7
2020;Alt Penedès;PIB per habitant (€);;28034
2020;Alt Penedès;PIB per habitant (índex Catalunya=100);;96,1
2020;Alt Urgell;PIB (milions €);;446,4
2020;Alt Urgell;PIB per habitant (€);;22183
2020;Alt Urgell;PIB per habitant (índex Catalunya=100);;76,1
2020;Alta Ribagorça;PIB (milions €);;87,1
2020;Alta Ribagorça;PIB per habitant (€);;22259
2020;Alta Ribagorça;PIB per habitant (índex Catalunya=100);;76,3
2020;Anoia;PIB (milions €);;2491,4
2020;Anoia;PIB per habitant (€);;20131
2020;Anoia;PIB per habitant (índex Catalunya=100);;69,0
2020;Aran;PIB (milions €);;316,4
2020;Aran;PIB per habitant (€);;31170
2020;Aran;PIB per habitant (índex Catalunya=100);;106,9
2020;Bages;PIB (milions €);;4452,5
2020;Bages;PIB per habitant (€);;24810
2020;Bages;PIB per habitant (índex Catalunya=100);;85,1
2020;Baix Camp;PIB (milions €);;4277,0
2020;Baix Camp;PIB per habitant (€);;21823
2020;Baix Camp;PIB per habitant (índex Catalunya=100);;74,8
2020;Baix Ebre;PIB (milions €);;1669,9
2020;Baix Ebre;PIB per habitant (€);;21292
2020;Baix Ebre;PIB per habitant (índex Catalunya=100);;73,0
2020;Baix Empordà;PIB (milions €);;2673,7
2020;Baix Empordà;PIB per habitant (€);;19862
2020;Baix Empordà;PIB per habitant (índex Catalunya=100);;68,1
2020;Baix Llobregat;PIB (milions €);;24994,8
2020;Baix Llobregat;PIB per habitant (€);;30164
2020;Baix Llobregat;PIB per habitant (índex Catalunya=100);;103,4
2020;Baix Penedès;PIB (milions €);;1781,8
2020;Baix Penedès;PIB per habitant (€);;16403
2020;Baix Penedès;PIB per habitant (índex Catalunya=100);;56,2
2020;Barcelonès;PIB (milions €);;82569,6
2020;Barcelonès;PIB per habitant (€);;36074
2020;Barcelonès;PIB per habitant (índex Catalunya=100);;123,7
2020;Berguedà;PIB (milions €);;996,8
2020;Berguedà;PIB per habitant (€);;24969
2020;Berguedà;PIB per habitant (índex Catalunya=100);;85,6
2020;Cerdanya;PIB (milions €);;407,4
2020;Cerdanya;PIB per habitant (€);;21727
2020;Cerdanya;PIB per habitant (índex Catalunya=100);;74,5
2020;Conca de Barberà;PIB (milions €);;531,1
2020;Conca de Barberà;PIB per habitant (€);;26688
2020;Conca de Barberà;PIB per habitant (índex Catalunya=100);;91,5
2020;Garraf;PIB (milions €);;2776,0
2020;Garraf;PIB per habitant (€);;18363
2020;Garraf;PIB per habitant (índex Catalunya=100);;63,0
2020;Garrigues;PIB (milions €);;450,0
2020;Garrigues;PIB per habitant (€);;23646
2020;Garrigues;PIB per habitant (índex Catalunya=100);;81,1
2020;Garrotxa;PIB (milions €);;1586,4
2020;Garrotxa;PIB per habitant (€);;27448
2020;Garrotxa;PIB per habitant (índex Catalunya=100);;94,1
2020;Gironès;PIB (milions €);;5830,0
2020;Gironès;PIB per habitant (€);;30421
2020;Gironès;PIB per habitant (índex Catalunya=100);;104,3
2020;Lluçanès;PIB (milions €);..;null
2020;Lluçanès;PIB per habitant (€);..;null
2020;Lluçanès;PIB per habitant (índex Catalunya=100);..;null
2020;Maresme;PIB (milions €);;9067,6
2020;Maresme;PIB per habitant (€);;19957
2020;Maresme;PIB per habitant (índex Catalunya=100);;68,4
2020;Moianès;PIB (milions €);;290,6
2020;Moianès;PIB per habitant (€);;20826
2020;Moianès;PIB per habitant (índex Catalunya=100);;71,4
2020;Montsià;PIB (milions €);;1254,7
2020;Montsià;PIB per habitant (€);;18098
2020;Montsià;PIB per habitant (índex Catalunya=100);;62,0
2020;Noguera;PIB (milions €);;976,1
2020;Noguera;PIB per habitant (€);;25281
2020;Noguera;PIB per habitant (índex Catalunya=100);;86,7
2020;Osona;PIB (milions €);;4755,8
2020;Osona;PIB per habitant (€);;29339
2020;Osona;PIB per habitant (índex Catalunya=100);;100,6
2020;Pallars Jussà;PIB (milions €);;295,9
2020;Pallars Jussà;PIB per habitant (€);;22725
2020;Pallars Jussà;PIB per habitant (índex Catalunya=100);;77,9
2020;Pallars Sobirà;PIB (milions €);;171,3
2020;Pallars Sobirà;PIB per habitant (€);;24467
2020;Pallars Sobirà;PIB per habitant (índex Catalunya=100);;83,9
2020;Pla d'Urgell;PIB (milions €);;1067,5
2020;Pla d'Urgell;PIB per habitant (€);;28541
2020;Pla d'Urgell;PIB per habitant (índex Catalunya=100);;97,8
2020;Pla de l'Estany;PIB (milions €);;836,5
2020;Pla de l'Estany;PIB per habitant (€);;25703
2020;Pla de l'Estany;PIB per habitant (índex Catalunya=100);;88,1
2020;Priorat;PIB (milions €);;171,7
2020;Priorat;PIB per habitant (€);;18711
2020;Priorat;PIB per habitant (índex Catalunya=100);;64,1
2020;Ribera d'Ebre;PIB (milions €);;1034,7
2020;Ribera d'Ebre;PIB per habitant (€);;47807
2020;Ribera d'Ebre;PIB per habitant (índex Catalunya=100);;163,9
2020;Ripollès;PIB (milions €);;554,9
2020;Ripollès;PIB per habitant (€);;22009
2020;Ripollès;PIB per habitant (índex Catalunya=100);;75,5
2020;Segarra;PIB (milions €);;792,3
2020;Segarra;PIB per habitant (€);;34563
2020;Segarra;PIB per habitant (índex Catalunya=100);;118,5
2020;Segrià;PIB (milions €);;5833,3
2020;Segrià;PIB per habitant (€);;27957
2020;Segrià;PIB per habitant (índex Catalunya=100);;95,8
2020;Selva;PIB (milions €);;4370,3
2020;Selva;PIB per habitant (€);;25445
2020;Selva;PIB per habitant (índex Catalunya=100);;87,2
2020;Solsonès;PIB (milions €);;333,5
2020;Solsonès;PIB per habitant (€);;24134
2020;Solsonès;PIB per habitant (índex Catalunya=100);;82,7
2020;Tarragonès;PIB (milions €);;7284,2
2020;Tarragonès;PIB per habitant (€);;27654
2020;Tarragonès;PIB per habitant (índex Catalunya=100);;94,8
2020;Terra Alta;PIB (milions €);;267,0
2020;Terra Alta;PIB per habitant (€);;23653
2020;Terra Alta;PIB per habitant (índex Catalunya=100);;81,1
2020;Urgell;PIB (milions €);;981,2
2020;Urgell;PIB per habitant (€);;26448
2020;Urgell;PIB per habitant (índex Catalunya=100);;90,7
2020;Vallès Occidental;PIB (milions €);;26995,0
2020;Vallès Occidental;PIB per habitant (€);;28799
2020;Vallès Occidental;PIB per habitant (índex Catalunya=100);;98,7
2020;Vallès Oriental;PIB (milions €);;12149,8
2020;Vallès Oriental;PIB per habitant (€);;29314
2020;Vallès Oriental;PIB per habitant (índex Catalunya=100);;100,5
2020;Catalunya;PIB (milions €);;225499,9
2020;Catalunya;PIB per habitant (€);;29168
2020;Catalunya;PIB per habitant (índex Catalunya=100);;100,0
2021;Alt Camp;PIB (milions €);;1487,4
2021;Alt Camp;PIB per habitant (€);;32875
2021;Alt Camp;PIB per habitant (índex Catalunya=100);;103,9
2021;Alt Empordà;PIB (milions €);;3538,6
2021;Alt Empordà;PIB per habitant (€);;24635
2021;Alt Empordà;PIB per habitant (índex Catalunya=100);;77,8
2021;Alt Penedès;PIB (milions €);;3226,2
2021;Alt Penedès;PIB per habitant (€);;29186
2021;Alt Penedès;PIB per habitant (índex Catalunya=100);;92,2
2021;Alt Urgell;PIB (milions €);;478,5
2021;Alt Urgell;PIB per habitant (€);;23473
2021;Alt Urgell;PIB per habitant (índex Catalunya=100);;74,2
2021;Alta Ribagorça;PIB (milions €);;103,3
2021;Alta Ribagorça;PIB per habitant (€);;26003
2021;Alta Ribagorça;PIB per habitant (índex Catalunya=100);;82,2
2021;Anoia;PIB (milions €);;2846,4
2021;Anoia;PIB per habitant (€);;22832
2021;Anoia;PIB per habitant (índex Catalunya=100);;72,1
2021;Aran;PIB (milions €);;323,6
2021;Aran;PIB per habitant (€);;31384
2021;Aran;PIB per habitant (índex Catalunya=100);;99,2
2021;Bages;PIB (milions €);;4898,3
2021;Bages;PIB per habitant (€);;27128
2021;Bages;PIB per habitant (índex Catalunya=100);;85,7
2021;Baix Camp;PIB (milions €);;4898,2
2021;Baix Camp;PIB per habitant (€);;24945
2021;Baix Camp;PIB per habitant (índex Catalunya=100);;78,8
2021;Baix Ebre;PIB (milions €);;1900,9
2021;Baix Ebre;PIB per habitant (€);;23926
2021;Baix Ebre;PIB per habitant (índex Catalunya=100);;75,6
2021;Baix Empordà;PIB (milions €);;3137,1
2021;Baix Empordà;PIB per habitant (€);;22800
2021;Baix Empordà;PIB per habitant (índex Catalunya=100);;72,0
2021;Baix Llobregat;PIB (milions €);;27098,6
2021;Baix Llobregat;PIB per habitant (€);;32561
2021;Baix Llobregat;PIB per habitant (índex Catalunya=100);;102,9
2021;Baix Penedès;PIB (milions €);;2002,2
2021;Baix Penedès;PIB per habitant (€);;18007
2021;Baix Penedès;PIB per habitant (índex Catalunya=100);;56,9
2021;Barcelonès;PIB (milions €);;86816,1
2021;Barcelonès;PIB per habitant (€);;38338
2021;Barcelonès;PIB per habitant (índex Catalunya=100);;121,1
2021;Berguedà;PIB (milions €);;1061,5
2021;Berguedà;PIB per habitant (€);;26441
2021;Berguedà;PIB per habitant (índex Catalunya=100);;83,6
2021;Cerdanya;PIB (milions €);;433,7
2021;Cerdanya;PIB per habitant (€);;22373
2021;Cerdanya;PIB per habitant (índex Catalunya=100);;70,7
2021;Conca de Barberà;PIB (milions €);;629,7
2021;Conca de Barberà;PIB per habitant (€);;31197
2021;Conca de Barberà;PIB per habitant (índex Catalunya=100);;98,6
2021;Garraf;PIB (milions €);;3083,5
2021;Garraf;PIB per habitant (€);;19857
2021;Garraf;PIB per habitant (índex Catalunya=100);;62,7
2021;Garrigues;PIB (milions €);;483,6
2021;Garrigues;PIB per habitant (€);;25434
2021;Garrigues;PIB per habitant (índex Catalunya=100);;80,4
2021;Garrotxa;PIB (milions €);;1782,6
2021;Garrotxa;PIB per habitant (€);;30013
2021;Garrotxa;PIB per habitant (índex Catalunya=100);;94,8
2021;Gironès;PIB (milions €);;6366,7
2021;Gironès;PIB per habitant (€);;32337
2021;Gironès;PIB per habitant (índex Catalunya=100);;102,2
2021;Lluçanès;PIB (milions €);..;null
2021;Lluçanès;PIB per habitant (€);..;null
2021;Lluçanès;PIB per habitant (índex Catalunya=100);..;null
2021;Maresme;PIB (milions €);;9866,4
2021;Maresme;PIB per habitant (€);;21408
2021;Maresme;PIB per habitant (índex Catalunya=100);;67,6
2021;Moianès;PIB (milions €);;306,9
2021;Moianès;PIB per habitant (€);;21488
2021;Moianès;PIB per habitant (índex Catalunya=100);;67,9
2021;Montsià;PIB (milions €);;1429,2
2021;Montsià;PIB per habitant (€);;20783
2021;Montsià;PIB per habitant (índex Catalunya=100);;65,7
2021;Noguera;PIB (milions €);;1001,8
2021;Noguera;PIB per habitant (€);;25589
2021;Noguera;PIB per habitant (índex Catalunya=100);;80,9
2021;Osona;PIB (milions €);;5047,8
2021;Osona;PIB per habitant (€);;30717
2021;Osona;PIB per habitant (índex Catalunya=100);;97,1
2021;Pallars Jussà;PIB (milions €);;309,7
2021;Pallars Jussà;PIB per habitant (€);;23454
2021;Pallars Jussà;PIB per habitant (índex Catalunya=100);;74,1
2021;Pallars Sobirà;PIB (milions €);;180,3
2021;Pallars Sobirà;PIB per habitant (€);;25251
2021;Pallars Sobirà;PIB per habitant (índex Catalunya=100);;79,8
2021;Pla d'Urgell;PIB (milions €);;1172,0
2021;Pla d'Urgell;PIB per habitant (€);;31386
2021;Pla d'Urgell;PIB per habitant (índex Catalunya=100);;99,2
2021;Pla de l'Estany;PIB (milions €);;962,3
2021;Pla de l'Estany;PIB per habitant (€);;29286
2021;Pla de l'Estany;PIB per habitant (índex Catalunya=100);;92,5
2021;Priorat;PIB (milions €);;179,2
2021;Priorat;PIB per habitant (€);;19363
2021;Priorat;PIB per habitant (índex Catalunya=100);;61,2
2021;Ribera d'Ebre;PIB (milions €);;1545,0
2021;Ribera d'Ebre;PIB per habitant (€);;70503
2021;Ribera d'Ebre;PIB per habitant (índex Catalunya=100);;222,8
2021;Ripollès;PIB (milions €);;624,2
2021;Ripollès;PIB per habitant (€);;24466
2021;Ripollès;PIB per habitant (índex Catalunya=100);;77,3
2021;Segarra;PIB (milions €);;814,1
2021;Segarra;PIB per habitant (€);;34597
2021;Segarra;PIB per habitant (índex Catalunya=100);;109,3
2021;Segrià;PIB (milions €);;6523,0
2021;Segrià;PIB per habitant (€);;30901
2021;Segrià;PIB per habitant (índex Catalunya=100);;97,6
2021;Selva;PIB (milions €);;4658,0
2021;Selva;PIB per habitant (€);;26446
2021;Selva;PIB per habitant (índex Catalunya=100);;83,6
2021;Solsonès;PIB (milions €);;354,8
2021;Solsonès;PIB per habitant (€);;25952
2021;Solsonès;PIB per habitant (índex Catalunya=100);;82,0
2021;Tarragonès;PIB (milions €);;9308,6
2021;Tarragonès;PIB per habitant (€);;35360
2021;Tarragonès;PIB per habitant (índex Catalunya=100);;111,7
2021;Terra Alta;PIB (milions €);;320,4
2021;Terra Alta;PIB per habitant (€);;28042
2021;Terra Alta;PIB per habitant (índex Catalunya=100);;88,6
2021;Urgell;PIB (milions €);;1050,9
2021;Urgell;PIB per habitant (€);;28161
2021;Urgell;PIB per habitant (índex Catalunya=100);;89,0
2021;Vallès Occidental;PIB (milions €);;29746,9
2021;Vallès Occidental;PIB per habitant (€);;31718
2021;Vallès Occidental;PIB per habitant (índex Catalunya=100);;100,2
2021;Vallès Oriental;PIB (milions €);;13445,1
2021;Vallès Oriental;PIB per habitant (€);;32319
2021;Vallès Oriental;PIB per habitant (índex Catalunya=100);;102,1
2021;Catalunya;PIB (milions €);;245443,3
2021;Catalunya;PIB per habitant (€);;31646
2021;Catalunya;PIB per habitant (índex Catalunya=100);;100,0
2022;Alt Camp;PIB (milions €);p;1610,1
2022;Alt Camp;PIB per habitant (€);p;35172
2022;Alt Camp;PIB per habitant (índex Catalunya=100);p;101,2
2022;Alt Empordà;PIB (milions €);p;4080,2
2022;Alt Empordà;PIB per habitant (€);p;28071
2022;Alt Empordà;PIB per habitant (índex Catalunya=100);p;80,7
2022;Alt Penedès;PIB (milions €);p;3609,0
2022;Alt Penedès;PIB per habitant (€);p;32315
2022;Alt Penedès;PIB per habitant (índex Catalunya=100);p;93,0
2022;Alt Urgell;PIB (milions €);p;523,3
2022;Alt Urgell;PIB per habitant (€);p;25394
2022;Alt Urgell;PIB per habitant (índex Catalunya=100);p;73,0
2022;Alta Ribagorça;PIB (milions €);p;128,5
2022;Alta Ribagorça;PIB per habitant (€);p;32117
2022;Alta Ribagorça;PIB per habitant (índex Catalunya=100);p;92,4
2022;Anoia;PIB (milions €);p;3101,3
2022;Anoia;PIB per habitant (€);p;24621
2022;Anoia;PIB per habitant (índex Catalunya=100);p;70,8
2022;Aran;PIB (milions €);p;433,4
2022;Aran;PIB per habitant (€);p;41731
2022;Aran;PIB per habitant (índex Catalunya=100);p;120,0
2022;Bages;PIB (milions €);p;5666,2
2022;Bages;PIB per habitant (€);p;31152
2022;Bages;PIB per habitant (índex Catalunya=100);p;89,6
2022;Baix Camp;PIB (milions €);p;5552,4
2022;Baix Camp;PIB per habitant (€);p;27807
2022;Baix Camp;PIB per habitant (índex Catalunya=100);p;80,0
2022;Baix Ebre;PIB (milions €);p;2065,4
2022;Baix Ebre;PIB per habitant (€);p;25624
2022;Baix Ebre;PIB per habitant (índex Catalunya=100);p;73,7
2022;Baix Empordà;PIB (milions €);p;3539,6
2022;Baix Empordà;PIB per habitant (€);p;25329
2022;Baix Empordà;PIB per habitant (índex Catalunya=100);p;72,9
2022;Baix Llobregat;PIB (milions €);p;31616,0
2022;Baix Llobregat;PIB per habitant (€);p;37804
2022;Baix Llobregat;PIB per habitant (índex Catalunya=100);p;108,7
2022;Baix Penedès;PIB (milions €);p;2179,7
2022;Baix Penedès;PIB per habitant (€);p;19126
2022;Baix Penedès;PIB per habitant (índex Catalunya=100);p;55,0
2022;Barcelonès;PIB (milions €);p;95799,8
2022;Barcelonès;PIB per habitant (€);p;41898
2022;Barcelonès;PIB per habitant (índex Catalunya=100);p;120,5
2022;Berguedà;PIB (milions €);p;1147,1
2022;Berguedà;PIB per habitant (€);p;28346
2022;Berguedà;PIB per habitant (índex Catalunya=100);p;81,5
2022;Cerdanya;PIB (milions €);p;497,6
2022;Cerdanya;PIB per habitant (€);p;25258
2022;Cerdanya;PIB per habitant (índex Catalunya=100);p;72,7
2022;Conca de Barberà;PIB (milions €);p;705,5
2022;Conca de Barberà;PIB per habitant (€);p;34647
2022;Conca de Barberà;PIB per habitant (índex Catalunya=100);p;99,7
2022;Garraf;PIB (milions €);p;3454,7
2022;Garraf;PIB per habitant (€);p;21902
2022;Garraf;PIB per habitant (índex Catalunya=100);p;63,0
2022;Garrigues;PIB (milions €);p;521,2
2022;Garrigues;PIB per habitant (€);p;27496
2022;Garrigues;PIB per habitant (índex Catalunya=100);p;79,1
2022;Garrotxa;PIB (milions €);p;1965,3
2022;Garrotxa;PIB per habitant (€);p;32441
2022;Garrotxa;PIB per habitant (índex Catalunya=100);p;93,3
2022;Gironès;PIB (milions €);p;7166,8
2022;Gironès;PIB per habitant (€);p;35917
2022;Gironès;PIB per habitant (índex Catalunya=100);p;103,3
2022;Lluçanès;PIB (milions €);..;null
2022;Lluçanès;PIB per habitant (€);..;null
2022;Lluçanès;PIB per habitant (índex Catalunya=100);..;null
2022;Maresme;PIB (milions €);p;10918,9
2022;Maresme;PIB per habitant (€);p;23507
2022;Maresme;PIB per habitant (índex Catalunya=100);p;67,6
2022;Moianès;PIB (milions €);p;306,6
2022;Moianès;PIB per habitant (€);p;21130
2022;Moianès;PIB per habitant (índex Catalunya=100);p;60,8
2022;Montsià;PIB (milions €);p;1512,6
2022;Montsià;PIB per habitant (€);p;21737
2022;Montsià;PIB per habitant (índex Catalunya=100);p;62,5
2022;Noguera;PIB (milions €);p;1019,0
2022;Noguera;PIB per habitant (€);p;25888
2022;Noguera;PIB per habitant (índex Catalunya=100);p;74,5
2022;Osona;PIB (milions €);p;5284,9
2022;Osona;PIB per habitant (€);p;31812
2022;Osona;PIB per habitant (índex Catalunya=100);p;91,5
2022;Pallars Jussà;PIB (milions €);p;340,8
2022;Pallars Jussà;PIB per habitant (€);p;25534
2022;Pallars Jussà;PIB per habitant (índex Catalunya=100);p;73,5
2022;Pallars Sobirà;PIB (milions €);p;222,7
2022;Pallars Sobirà;PIB per habitant (€);p;30771
2022;Pallars Sobirà;PIB per habitant (índex Catalunya=100);p;88,5
2022;Pla d'Urgell;PIB (milions €);p;1249,2
2022;Pla d'Urgell;PIB per habitant (€);p;33237
2022;Pla d'Urgell;PIB per habitant (índex Catalunya=100);p;95,6
2022;Pla de l'Estany;PIB (milions €);p;1037,5
2022;Pla de l'Estany;PIB per habitant (€);p;31395
2022;Pla de l'Estany;PIB per habitant (índex Catalunya=100);p;90,3
2022;Priorat;PIB (milions €);p;196,0
2022;Priorat;PIB per habitant (€);p;21019
2022;Priorat;PIB per habitant (índex Catalunya=100);p;60,5
2022;Ribera d'Ebre;PIB (milions €);p;1739,2
2022;Ribera d'Ebre;PIB per habitant (€);p;79204
2022;Ribera d'Ebre;PIB per habitant (índex Catalunya=100);p;227,8
2022;Ripollès;PIB (milions €);p;660,9
2022;Ripollès;PIB per habitant (€);p;25755
2022;Ripollès;PIB per habitant (índex Catalunya=100);p;74,1
2022;Segarra;PIB (milions €);p;918,4
2022;Segarra;PIB per habitant (€);p;38631
2022;Segarra;PIB per habitant (índex Catalunya=100);p;111,1
2022;Segrià;PIB (milions €);p;6975,7
2022;Segrià;PIB per habitant (€);p;32678
2022;Segrià;PIB per habitant (índex Catalunya=100);p;94,0
2022;Selva;PIB (milions €);p;5226,6
2022;Selva;PIB per habitant (€);p;29075
2022;Selva;PIB per habitant (índex Catalunya=100);p;83,6
2022;Solsonès;PIB (milions €);p;362,2
2022;Solsonès;PIB per habitant (€);p;26479
2022;Solsonès;PIB per habitant (índex Catalunya=100);p;76,2
2022;Tarragonès;PIB (milions €);p;10433,1
2022;Tarragonès;PIB per habitant (€);p;39086
2022;Tarragonès;PIB per habitant (índex Catalunya=100);p;112,4
2022;Terra Alta;PIB (milions €);p;409,0
2022;Terra Alta;PIB per habitant (€);p;35752
2022;Terra Alta;PIB per habitant (índex Catalunya=100);p;102,8
2022;Urgell;PIB (milions €);p;1141,7
2022;Urgell;PIB per habitant (€);p;30300
2022;Urgell;PIB per habitant (índex Catalunya=100);p;87,2
2022;Vallès Occidental;PIB (milions €);p;32450,6
2022;Vallès Occidental;PIB per habitant (€);p;34387
2022;Vallès Occidental;PIB per habitant (índex Catalunya=100);p;98,9
2022;Vallès Oriental;PIB (milions €);p;14499,4
2022;Vallès Oriental;PIB per habitant (€);p;34570
2022;Vallès Oriental;PIB per habitant (índex Catalunya=100);p;99,4
2022;Catalunya;PIB (milions €);p;272268,3
2022;Catalunya;PIB per habitant (€);p;34764
2022;Catalunya;PIB per habitant (índex Catalunya=100);p;100,0
2023;Alt Camp;PIB (milions €);p;1937,3
2023;Alt Camp;PIB per habitant (€);p;41923
2023;Alt Camp;PIB per habitant (índex Catalunya=100);p;112,5
2023;Alt Empordà;PIB (milions €);p;4361,5
2023;Alt Empordà;PIB per habitant (€);p;29528
2023;Alt Empordà;PIB per habitant (índex Catalunya=100);p;79,2
2023;Alt Penedès;PIB (milions €);p;3973,4
2023;Alt Penedès;PIB per habitant (€);p;35050
2023;Alt Penedès;PIB per habitant (índex Catalunya=100);p;94,1
2023;Alt Urgell;PIB (milions €);p;552,2
2023;Alt Urgell;PIB per habitant (€);p;26434
2023;Alt Urgell;PIB per habitant (índex Catalunya=100);p;70,9
2023;Alta Ribagorça;PIB (milions €);p;126,0
2023;Alta Ribagorça;PIB per habitant (€);p;31255
2023;Alta Ribagorça;PIB per habitant (índex Catalunya=100);p;83,9
2023;Anoia;PIB (milions €);p;3310,7
2023;Anoia;PIB per habitant (€);p;25943
2023;Anoia;PIB per habitant (índex Catalunya=100);p;69,6
2023;Aran;PIB (milions €);p;424,3
2023;Aran;PIB per habitant (€);p;40277
2023;Aran;PIB per habitant (índex Catalunya=100);p;108,1
2023;Bages;PIB (milions €);p;6123,4
2023;Bages;PIB per habitant (€);p;33223
2023;Bages;PIB per habitant (índex Catalunya=100);p;89,2
2023;Baix Camp;PIB (milions €);p;5891,4
2023;Baix Camp;PIB per habitant (€);p;29012
2023;Baix Camp;PIB per habitant (índex Catalunya=100);p;77,9
2023;Baix Ebre;PIB (milions €);p;2238,4
2023;Baix Ebre;PIB per habitant (€);p;27355
2023;Baix Ebre;PIB per habitant (índex Catalunya=100);p;73,4
2023;Baix Empordà;PIB (milions €);p;3898,6
2023;Baix Empordà;PIB per habitant (€);p;27379
2023;Baix Empordà;PIB per habitant (índex Catalunya=100);p;73,5
2023;Baix Llobregat;PIB (milions €);p;36120,0
2023;Baix Llobregat;PIB per habitant (€);p;42760
2023;Baix Llobregat;PIB per habitant (índex Catalunya=100);p;114,8
2023;Baix Penedès;PIB (milions €);p;2477,8
2023;Baix Penedès;PIB per habitant (€);p;21178
2023;Baix Penedès;PIB per habitant (índex Catalunya=100);p;56,8
2023;Barcelonès;PIB (milions €);p;104496,5
2023;Barcelonès;PIB per habitant (€);p;44769
2023;Barcelonès;PIB per habitant (índex Catalunya=100);p;120,2
2023;Berguedà;PIB (milions €);p;1229,3
2023;Berguedà;PIB per habitant (€);p;30098
2023;Berguedà;PIB per habitant (índex Catalunya=100);p;80,8
2023;Cerdanya;PIB (milions €);p;563,2
2023;Cerdanya;PIB per habitant (€);p;28129
2023;Cerdanya;PIB per habitant (índex Catalunya=100);p;75,5
2023;Conca de Barberà;PIB (milions €);p;722,3
2023;Conca de Barberà;PIB per habitant (€);p;35177
2023;Conca de Barberà;PIB per habitant (índex Catalunya=100);p;94,4
2023;Garraf;PIB (milions €);p;3824,0
2023;Garraf;PIB per habitant (€);p;23819
2023;Garraf;PIB per habitant (índex Catalunya=100);p;63,9
2023;Garrigues;PIB (milions €);p;547,2
2023;Garrigues;PIB per habitant (€);p;28752
2023;Garrigues;PIB per habitant (índex Catalunya=100);p;77,2
2023;Garrotxa;PIB (milions €);p;2104,2
2023;Garrotxa;PIB per habitant (€);p;33972
2023;Garrotxa;PIB per habitant (índex Catalunya=100);p;91,2
2023;Gironès;PIB (milions €);p;7854,3
2023;Gironès;PIB per habitant (€);p;38581
2023;Gironès;PIB per habitant (índex Catalunya=100);p;103,5
2023;Lluçanès;PIB (milions €);p;168,0
2023;Lluçanès;PIB per habitant (€);p;29565
2023;Lluçanès;PIB per habitant (índex Catalunya=100);p;79,4
2023;Maresme;PIB (milions €);p;11960,6
2023;Maresme;PIB per habitant (€);p;25446
2023;Maresme;PIB per habitant (índex Catalunya=100);p;68,3
2023;Moianès;PIB (milions €);p;341,1
2023;Moianès;PIB per habitant (€);p;23202
2023;Moianès;PIB per habitant (índex Catalunya=100);p;62,3
2023;Montsià;PIB (milions €);p;1682,1
2023;Montsià;PIB per habitant (€);p;23753
2023;Montsià;PIB per habitant (índex Catalunya=100);p;63,8
2023;Noguera;PIB (milions €);p;1080,1
2023;Noguera;PIB per habitant (€);p;27231
2023;Noguera;PIB per habitant (índex Catalunya=100);p;73,1
2023;Osona;PIB (milions €);p;5839,3
2023;Osona;PIB per habitant (€);p;35834
2023;Osona;PIB per habitant (índex Catalunya=100);p;96,2
2023;Pallars Jussà;PIB (milions €);p;350,6
2023;Pallars Jussà;PIB per habitant (€);p;26134
2023;Pallars Jussà;PIB per habitant (índex Catalunya=100);p;70,1
2023;Pallars Sobirà;PIB (milions €);p;210,7
2023;Pallars Sobirà;PIB per habitant (€);p;28871
2023;Pallars Sobirà;PIB per habitant (índex Catalunya=100);p;77,5
2023;Pla d'Urgell;PIB (milions €);p;1329,8
2023;Pla d'Urgell;PIB per habitant (€);p;35058
2023;Pla d'Urgell;PIB per habitant (índex Catalunya=100);p;94,1
2023;Pla de l'Estany;PIB (milions €);p;1109,1
2023;Pla de l'Estany;PIB per habitant (€);p;33214
2023;Pla de l'Estany;PIB per habitant (índex Catalunya=100);p;89,1
2023;Priorat;PIB (milions €);p;219,4
2023;Priorat;PIB per habitant (€);p;23404
2023;Priorat;PIB per habitant (índex Catalunya=100);p;62,8
2023;Ribera d'Ebre;PIB (milions €);p;1581,4
2023;Ribera d'Ebre;PIB per habitant (€);p;71546
2023;Ribera d'Ebre;PIB per habitant (índex Catalunya=100);p;192,0
2023;Ripollès;PIB (milions €);p;699,6
2023;Ripollès;PIB per habitant (€);p;27096
2023;Ripollès;PIB per habitant (índex Catalunya=100);p;72,7
2023;Segarra;PIB (milions €);p;928,2
2023;Segarra;PIB per habitant (€);p;41137
2023;Segarra;PIB per habitant (índex Catalunya=100);p;110,4
2023;Segrià;PIB (milions €);p;7611,0
2023;Segrià;PIB per habitant (€);p;35130
2023;Segrià;PIB per habitant (índex Catalunya=100);p;94,3
2023;Selva;PIB (milions €);p;5826,2
2023;Selva;PIB per habitant (€);p;31680
2023;Selva;PIB per habitant (índex Catalunya=100);p;85,0
2023;Solsonès;PIB (milions €);p;434,9
2023;Solsonès;PIB per habitant (€);p;28517
2023;Solsonès;PIB per habitant (índex Catalunya=100);p;76,5
2023;Tarragonès;PIB (milions €);p;10673,6
2023;Tarragonès;PIB per habitant (€);p;39146
2023;Tarragonès;PIB per habitant (índex Catalunya=100);p;105,1
2023;Terra Alta;PIB (milions €);p;363,2
2023;Terra Alta;PIB per habitant (€);p;31673
2023;Terra Alta;PIB per habitant (índex Catalunya=100);p;85,0
2023;Urgell;PIB (milions €);p;1253,9
2023;Urgell;PIB per habitant (€);p;32803
2023;Urgell;PIB per habitant (índex Catalunya=100);p;88,0
2023;Vallès Occidental;PIB (milions €);p;34650,1
2023;Vallès Occidental;PIB per habitant (€);p;36301
2023;Vallès Occidental;PIB per habitant (índex Catalunya=100);p;97,4
2023;Vallès Oriental;PIB (milions €);p;15388,0
2023;Vallès Oriental;PIB per habitant (€);p;36260
2023;Vallès Oriental;PIB per habitant (índex Catalunya=100);p;97,3
2023;Catalunya;PIB (milions €);p;296476,8
2023;Catalunya;PIB per habitant (€);p;37259
2023;Catalunya;PIB per habitant (índex Catalunya=100);p;100,0
